CATEGORIA,FRAGMENTO DE LETRAS DE CANCIONES (ALREDEDOR DE 30+ PALABRAS)
BALADA,"Vuelve a mí
Que solo y triste me quedé sin ti
Y vivo sin hallar a quien querer
Escúchame, mi amor

Vuelve a mí
Que solo y triste me quedé sin ti
Y vivo sin hallar a quien querer
Escúchame, mi amor"
BALADA,"Si aún no me lo crees, amor Y quieres, tú, correr el riesgo Verás que soy realmente bueno en engañar Y hacer sufrir y hacer llorar A quien más quiero, uoh-oh, uoh-oh, uoh-oh-oh"
BALADA,"Por cada beso tuyo
Un sufrimiento recibí sin merecerlo
No quise hacerle caso al corazón
Que fue el primero en comprenderlo
Ya sentí, ya comprendí que no me quieres
Que seré juguete vil de tus placeres"
REGAETTON,"Mi bicho anda fugao' y yo quiero que tú me lo esconda'
Agárralo como bonga
Se metió una pepa que la pone cachonda
Chinga en lo' Audi, no en lo' Honda
Ey, si te lo meto no me llame'
Que esto no es pa' que me ame', ey
Si tu novio no te mama el culo
Pa' eso que no mame
Baja pa' casa que yo te lambo toa'
Mami, yo te lambo toa'
Baja pa' casa que yo te rompo toa', ey
Que yo te rompo toa'
Baja pa' casa que yo te lambo toa' (sigue)
Mami, yo te lambo toa' (sigue)
Dime, sierva (papi, sigue)
Si tú fumas yerba (papi, pa-pa)"
REGAETTON,"Aquí pasamos moñas por el TSA
Las putas se montan fácil como en GTA
200 cajas 'e paper que pedí en eBay
En PR ya es legal, yo firmé la ley
Fumando como Snoop Dogg y Wiz Kha
Las gatas quieren Kush, no quieren Friska
Prendí un bastón como el de la brisca"
REGAETTON,"Me gusta como a ti te cabe
Si vamo' a culia hasta me habla en clave
De ese tonton tengo la llave
De ese planetita tengo nave
Esque 'ta caliente y me llama pa' chinga'"
BALADA,"Antes que pase más
Tiempo contigo amor
Tengo que decir que eres el amor de mi vida
Antes que te ame más
Escucha por favor
Déjame decir que todo te di
Y no hay cómo explicar
Pero, menos notar
Simplemente, así lo sentí
Cuando te vi (Wooh)"
BALADA,"No me platiques más
Lo que debió pasar
Antes de conocernos
Sé que has tenido, horas felices
Aún sin estar conmigo

No quiero yo saber
Qué pudo suceder
En todos estos años
Que tú has vivido con otras gentes
Lejos de mi cariño"
REGAETTON,"Yo soy el cacique en tu propia aldea. Valgo más que todo lo que te rodea. No te la crea, recuerda que Curry la mete. Hasta que LeBron lo gardea. Baja pa' la cuesta. Que ando con la orquesta. Cabrón, no es la sexta. Yo nunca estoy abajo en las apuestas"
BALADA,"Si tú no vuelves. Se secarán todos los mares. Y esperaré sin ti. Tapiado al fondo de algún recuerdo. Si tú no vuelves. Mi voluntad se hará pequeña. Me quedaré aquí. Junto a mi perro, espiando horizontes. Si tú no vuelves. No quedarán más que desiertos. Y escucharé por si algún latido le queda a esta tierra "
REGAETTON,"Ni amigos, ni amantes
Ni allegados, ni distantes
¿Qué eres mía y qué soy tuyo?
Un fucking polvo que alimenta el orgullo
¿Quién es el que viene cuando el otro se va?
Jugando a la mentira con besos de verdad"
REGAETTON,"Y si te vas, yo también me voy. No me dejes solo aquí esperando tu llamada. Ey, baby, tú eres la que manda en este bloque."
REGAETTON,"Dos mil, loubutin los tacones"
REGAETTON,"Y a veces es Dolce, a veces Bulgari
Cuando te lo quito después de los parties
Las copas de vino, las libras de mari
Tú estás bien suelta, yo de safari
Tú mueve' el culo fenomenal
Pa' yo devorarte como animal
Si no te has vení'o, yo te vo' a esperar
En mi cama y lo vo' a celebra"
REGAETTON,"Y que los tragos, hicieron estrago' en su cabeza. Ella con cualquiera no se besa, quiero que sepa que me interesa y no hay un día que no pare de pensar en su belleza."
REGAETTON,"Ella no es normal
Ella me lleva a la altura
Chula ven chula
Fuera del planeta ella es
Chula ven chula
Fuera del planeta ella es
Chula ven chula
Fuera del planeta ella es"
BALADA,"Yo no sé mañana, yo no sé mañana
Si estaremos juntos, si se acaba el mundo
Yo no sé si soy para ti, si serás para mí
Si lleguemos a amarnos u odiarnos"
REGAETTON,"Te voy a explicar, empiezo con la A voy liberal, superar, llegar y triunfar y sin limitar y sin limitar, original rimar, improvisar, parar jamás llama a la fama, drama"
BALADA,"Para amarte
Necesito una razón
Y es difícil creer
Que no exista una más que este amor

Sobra tanto
Dentro de este corazón
Que a pesar de que dicen que los años son sabios
Todavía se siente el dolor

Porque todo el tiempo que pasé junto a ti
Dejó tejido su hilo dentro de mí"
REGAETTON,"Casi siempre me llama a las 3 de la mañana
Dice que soy su pana
El que te quita las ganas
Hemos hecho de to'
Muchas posiciones en la escalera
Amarrao en la cama
Yo encima de ella
Amanecimos en la bañera
Y me la comí embarra’ de nutella"
BALADA,"Se te olvida, que me quieres a pesar de lo que dices. Pues llevamos en el alma cicatrices, imposibles de borrar, se te olvida, que hasta puedo hacerte mal si me decido. Pues tu amor lo tengo muy comprometido. Pero a fuerzas no será, y hoy resulta, que no soy de la estatura de tu vida. Y al dejarme casi, casi, se te olvida. Que hay un pacto entre los dos."
BALADA,"Hoy le doy gracias al cielo por las veces que me equivoqué
Y porque te encontré
Me devolviste la fe, me presentaste a Cupido
Y ahora parcho con él

El brillo de los ojos se me nota
Y los que me conocen saben que me curé
Porque ahora ando en otra
He dejado el whisky por usted"
REGAETTON,"Ella casi ni sale
La traicionó el amor
Tiene par de amistades
Pero no quiere relación
Donde va sobresale
En sus ojos se ve la ilusión
Pero llamó su amiga
Que se olvide que esta es su canción
Y baila, baila, baila
Ponle música pa que esto no pare
Baila, baila, baila
Tengo que besarte antes que se acabe"
BALADA,Que jamás imaginaste. Que llegaríamos hasta hoy. Que es mejor terminar todo. Para que no sufra tu amor. Lo hubieras pensado cuando me miraste. Con esa sonrisa que me hizo temblar. Y antes de decir la frase. Que me hizo sentir que yo era algo especial. Antes de que con tu suéter. Quitaras el frío de mi soledad. Antes de robarme un beso. Y encender mi cuerpo y no poder parar. No querías lastimarme. No querías lastimarme. ¡Me querías matar!
BALADA,"Amar es cuando la proteges
De la lluvia y el viento
Amar es cuando tú la abrazas
Y te olvidas del tiempo
Amar es cuando tú la ves
Y te pones nervioso
Amar es cuando te das cuenta
De tus sentimientos

Por amarte robaría una estrella
Y te la regalaría
Por amarte cruzaría los mares
Solo por abrazarte"
REGAETTON,"Quiero sacarte pa la calle y que pregunten to los compa'
De dónde saqué esa porno star
Es que con una baby así cualquiera ronca
Que te presuman, no te gusta que te escondan, no
Este bandido ya se retiró
El que quería contigo se jodió
Es que son muchas cosas juntas
Y si se preguntan, ese culo lo tengo yo"
REGAETTON,"Los recuerdos de mi infancia
son muy bellos fuimos pobres
sin riquezas ni dinero
pero a dios cada mañana
le agradezco que por madre
me mando un ángel del cielo."
BALADA,"Él me mintió, él me mintió. Era un juego y nada más. Era solo un juego cruel de su vanidad. Él me mintió. Con el corazón destrozado Y el rostro mojado. Soy tan desdichada, quisiera morirme. Mentiras, todo era mentira. Palabras al viento. Tan solo un capricho que el niño tenía "
REGAETTON,"Ayer me besaste y no podías parar
Y me bailaste hasta el amanecer
Cuando desperté yo te quise llamar
Y ahora me dice que borró cassete
Que no se acuerda de esa noche
Porque ella borró cassette
Dice que no me conoce
Y quiero volverla ver"
BALADA,"Esta historia terminó, no existe
Lo que un día construimos, se ha esfumado
Pareciera que es más fácil dejarnos
Pero eres un fantasma conmigo caminando"
BALADA,"Hoy mi playa se viste de amargura, oh Porque tu barca tiene que partir A cruzar otros mares de locura Cuida que no naufrague en tu vivir Cuando la luz del sol se esté apagando y Te sientas cansada de
vagar Piensa que yo por ti estaré esperando Hasta que tú decidas regresar"
BALADA,"Hasta que me olvides, voy a intentarlo
No habrá quién me seque tus labios por dentro y por fuera
No habrá quién desnude mi nombre una tarde cualquiera
Hasta que me olvides tanto que
No exista mañana ni después, no, no
Hasta que me olvides, voy a intentarlo
No habrá quién desnude mi boca como tu sonrisa
Y voy a rodar como lágrima entre la llovizna
Hasta que me olvides tanto que
No exista mañana ni después"
REGAETTON,"Y a veces es Dolce, a veces Bulgari
Cuando te lo quito después de los parties
Las copas de vino, las libras de mari
Tú estás bien suelta, yo de safari
Tú mueve' el culo fenomenal
Pa' yo devorarte como animal
Si no te has vení'o, yo te vo'a esperar
En mi cama y lo vo' a celebrar"
BALADA,"Te hiciste indispensable para mí, y, y Y con los ojos cerrados te seguí Si yo busqué dolor, lo conseguí No eres la persona que pensé Que creí, que pedí"
BALADA,"Me abrazaría al diablo sin dudar
Por ver tu cara al escucharme hablar
Eres todo lo que más quiero
Pero te pierdo en mis silencios
Mis ojos son dos cruces negras"
REGAETTON,"Dembow y reggaeton, mami, llégale a la mezcla y dale pa'l hotel, trae una amiga extra pónteme fresca como Carmen Electra y yo les doy corriente de la forma correcta"
BALADA,"Ella es un escándalo
Ella te quita el oxígeno
Es una obra de arte, ella es punto y aparte
Ella es feliz con lo básico
Y si la vieras bailando
Lento, es un espectáculo
Cómo piensa es brillante, ella es impresionante
Todo en ella es romántico"
BALADA,"Después correr felices cara al viento, caernos en la arena, ya sin aliento. y tú en un suspiro tú, en cada pensamiento tú.
Y yo yo me callaba yo, por no arruinarlo todo yo. Y besarte la boca, robarte la boca."
BALADA,"QueridaCada momento de mi vidaYo pienso en ti más cada díaMira mi soledad, mira mi soledadQue no me sienta nada bien, oh ven yaQueridaNo me ha sanado bien la heridaTe extraño y lloro todavíaMira mi soledad, mira mi soledadQue no me sienta nada bien, oh ven yaQueridaPiensa en mi sólo un momento y venDate cuenta de que el tiempo es cruelY lo he pasado yo sin ti, oh ven ya"
BALADA,"De mirarte a los ojos, sé cómo te siente'
Extraño la sonrisa reluciente de siempre
Todo pasa, sé paciente, habrá tiempo suficiente
Pa' sanar las herida' y borrar lo negativo de la mente
Sabes que yo, así, no puedo verte"
BALADA,"Te juro que te pienso
Hago el mejor intento
El tiempo pasa lento
Y yo me voy muriendo (y yo me voy muriendo)
Si llega la noche y tú no contestas
Te juro me quedo esperando a tu puerta
Vivo pasando las noches en vela
Y sigo cantando bajo la luna llena
Súbeme la radio que esta es mi canción
Siente el bajo que va subiendo
Tráeme el alcohol que quita el dolor
Hoy vamos a juntar la luna y el sol"
BALADA,Porque al sentir tu presencia todo es tan hermoso porque al sentirte tan cerca me siento dichoso será ese deseo tan grande de verte a mi lado que me hace sentir que estoy enamorado
BALADA,Abrázame y dime que me amas
REGAETTON,"Ayer te vi bonita (bonita) caminando por la playa
Sola y desorientada, ma'
¿Por qué te encuentras solita (sola)?
Tú mereces ser amada, querida, y yo maltratado, ma'"
REGAETTON,"Si están celoso' de que te tengo, pero yo no (ey, yo no) Basta de esto, solo entremo' en la habitación (la habitación) Apaga la' luce' y empecemo' con la narración Romeo y Julieta, pero con má' piquete y má' flow, ey"
BALADA,"Me dediqué a perderte
Y me ausenté en momentos que se han ido para siempre
Me dediqué a no verte
Y me encerré en mi mundo y no pudiste detenerme
Y me alejé mil veces
Y cuando regresé te había perdido para siempre
Y quise detenerte

"
REGAETTON,"A ella le gusta la gasolina
(¡Dame más gasolina!)
Cómo le encanta la gasolina
(¡Dame más gasolina!)

Ella prende las turbinas, no discrimina
No se pierde ni un party de marquesina
Se acicala hasta pa' la esquina
Luce tan bien que hasta la sombra le combina"
REGAETTON,"Tu ere’ bien puta
Es lo que ella buscaz se difraza y me ejecuta
cuando se convierte en puta
Que le haga un palde Willy -¿WTF?- y se lo  enjuague por su ruta
Ella sabe con cojones
pero se hace la bruta"
BALADA,En mi cara sentada sigo detrás de tu alma persiguiendo recuerdos recuerdos que me abrazan siempre que tengo miedo te llevaste lo que me hacía sentir vivo
BALADA,"Oh, qué será, qué será
Que anda suspirando por las alcobas
Que anda susurrando versos de trova
Que anda escondiendo bajo las ropas
Que anda en las cabezas, anda en las bocas
Que va encendiendo velas en los callejones
Que están hablando alto en los bodegones
Gritando en el mercado, las voces esas
Es la naturaleza, será, que será
Que no tiene certeza y nunca te da
Lo que no tiene arreglo, y nunca tendrá
Que no tiene tamaño"
REGAETTON,"Atrévete-te-te, salte del closet
Destápate, quítate el esmalte
Deja de taparte, que nadie va a retratarte
Levántate, ponte hyper
Préndete, sácale chispa al starter
Préndete en fuego como un lighter
Sacúdete el sudor, como si fueras un wiper
Que tú ere' callejera, Street Fighter"
REGAETTON,"Yo parezco una correa porque doy fuetazo'
Las gente' me dicen: Alfa, balbara-sa-sa-zo
Yo soy un Jordan, tú viene' siendo Puma
Tiene' que quitarte, llegó el toro con tutuma"
BALADA,"Por la culpa de una interesada
Dejé una interesante
Ay, qué mal, pequé por ignorante
Cambié una de verdad por un maniquí
Por su brillo me dejé llevar
Pensé que era un diamante, pero no
Resultó ser farsante
Y no fue solo tiempo lo que le invertí
Porque hay amores que matan a punta de besos
Y amores que engañan por un par de pesos
Tarde lo entendí
Y me arrepentí
Cambié oro por plata, tú eras mi universo
Y ella solo una estrella, y me estrellé por eso
Qué estúpido fui
Lo que me perdí
Cambié una interesante por una interesada, y por eso
No se deja la del proceso"
REGAETTON,"¿Cómo te llamas, baby?
Desde que te vi supe que eras pa’ mí
Dile a tus amigas que andamo' ready
Esto lo seguimo' en el after party"
REGAETTON,"Lo de nosotros es algo de novelas
La tipa nunca me cela
Me gusta verte con poca tela
Todo lo que queda, quítese esa franela

Como música, yo la compongo
Ella baila al ritmo que yo pongo
Como Kalimba, estoy tocando fondo
Y siempre me la como en plato hondo"
BALADA,"Me queda un por ciento
Y lo usaré solo para decirte lo mucho que lo siento
Que, si me ven con otra en una disco, solo es perdiendo el tiempo
Baby, ¿pa qué te miento?
Eso de que me vieron feliz, no, no es cierto"
BALADA,"Tú, la misma de ayer, la incondicional. La que no espera nada. Tú, la misma de ayer, la que no supo odiar. No sé por qué te fuiste."
BALADA,"Ya sé que no hubo nadie que te diera lo que yo te di
Que nadie te ha cuidado como te cuidé
Por eso comprendo que estás aquí
Pero ha pasado el tiempo y yo también cambié
Si no supiste amar
Ahora te puedes marchar"
REGAETTON,"Baby, la nota ya está haciendo efecto. Mi mundo está jodío' y me siento perfecto. Porque estás tú, aquí, moviéndote así, no pare'. Baby, tú eres mi droga, esta noche no le baje'. Porque la nota ya está haciendo efecto"
BALADA,"Entra en mi vida, te abro la puerta
Sé que en tus brazos ya no habrá noches desiertas
Entra en mi vida, yo te lo ruego
Te comencé por extrañar, pero empecé a necesitarte luego"
BALADA,La luz ya No alcanza No quieras caminar sobre el dolor Descalza Un ángel Te cuida Y puso en mi boca la verdad para mostrarte la salida
BALADA,"Cada camino que piso, me lleva hacia el
Ninguno de mis cinco sentidos, te olvida después
Entre las cosas que hago, y las que digo
Va siempre conmigo, es mi sombra fiel

No es ningun juego de niños, estar como estoy
No como, no duermo, no vivo, pensando en su amor
Siempre crei que los celos, eran un cuento
Y son el infierno, que arde sin control"
BALADA,"Nuestro amor sabe a chocolate
Un corazón de bombón que late
Nuestro amor sabe a chocolate
Oh oh oh oh oh
Quien no ha probado y no mas
Verás que te hace volar
El cielo en tu paladar
Así me quiero quedar 
Verás que te hace volar
El cielo en tu paladar
Así me quiero quedar, contigo "
REGAETTON,"Tú puedes coger con otro, siempre y cuando no te catch
Da-da-dame chance de lamerte el hoyo dilatado
Ya sabes que te lo embarro de lado, trr
Ya sabes que te cojo vestido de diputado
Ya sabes que al chile, me sobra varo
Trr, trr, trr, martillazo en el ano"
BALADA,"Amor como el nuestro no hay dos en la vida
Por más que se busque, por más que se esconda
Tú duermes conmigo toditas las noches
Te quedas callada, sin ningún reproche
Por eso te quiero, por eso te adoro
Tú eres en mi vida, todo mi tesoro
A veces regreso, borracho de angustia
Te lleno de besos y caricias mustias
Pero estás dormida, no sientes caricias
Te abrazo a mi pecho, me duermo contigo"
REGAETTON,"El protocolo como foco me equivoco, choco un coco me sofoco poco a poco me controlo y yo solo llego y lo toco fumo y enrollo llegando a la lu"
BALADA,"Tú de qué vas, llenando mi vida de tantas cosas buenas. De pronto me dictas lo que hay que hacer. Me llevas de la mano a conocer. Un mundo nuevo."
BALADA,"Siento el dolor que tu causas en mí
Me haces llorar, no quiero ver el fin
Esta canción la canto para ti
Solo escucha y déjate sentir
Hoy nuestro tiempo está por acabar
Y ya nunca va haber otra ola igual
Cada momento que vimos pasar
Sabes que nunca me vas a olvidar"
REGAETTON,"Sin ser cara y lindo, en la cama causo sismos. Mantengo mi ritmo, les doy satisfacción.Adoro ver sus cuerpos empapados en sudor. Un extra de pasión y diversas posiciones. Han hecho que las grupies coleccionen mis condones. No te asombres, esto es real, no es ninguna fantasía. Mami, no estés triste, soy tu papi todavía. Soy tu vida, soy tu muerte y vivo para cogerte. Tengo frío el corazón, pero la verga caliente"
REGAETTON,"Amiga mía, lo sé, solo vives por él, que lo sabe también. Pero él no te ve como yo, suplicarle a mi boca. Que diga que me ha confesado entre copas. Que es con tu piel con quien sueña de noche"
BALADA,"Voy De nuevo recordando lo que soy Sabiendo lo que das y lo que doy En mí no queda espacio para ti, y, y Y, y el tiempo hizo lo suyo y comprendí Las cosas no suceden porque sí No eres la persona que pensé Que creí, que pedí"
BALADA,"Buenas noches, mucho gusto, eras una chica más
Después de cinco minutos ya eras alguien especial
Sin hablarme, sin tocarme, algo dentro se encendió
En tus ojos se hacía tarde y me olvidaba del reloj
"
BALADA,"Hasta que me olvides
Voy a amarte tanto, tanto
Como fuego entre tus brazos
Hasta que me olvides
Hasta que me olvides
Y me rompa en mil pedazos
Continuar mi gran teatro
Hasta que me olvides, hasta que me olvides"
BALADA,"Quiero dormir cansado
Para no pensar en ti
Quiero dormir profundamente
Y no despertar llorando
Con la pena de no verte"
REGAETTON,Te escribo mensajes todas las noches pero los borro pa'quedar en visto ese mal rato mejor me lo ahorro mi orgullo es tan grande y abajo me pesan no pienso humillarme
REGAETTON,"Que te haré subir al cielo Bajar y besar el mismo horas infierno Yo que será tu dolor eterno Tú tan caliente, yo tan invierno Tú que fuiste presa tan fácil lloras Tú tan libre, ahora vivo yo en tus Hay algo en ti de mí que te azora Que tus sueños controla y te descontrola"
BALADA,Traigo en los bolsillos tanta soledad. Desde que te fuiste no me queda más. Que una foto gris y un triste sentimiento. Lo que más lastima es tanta confusión. En cada resquicio de mi corazón ¿Cómo hacerte a un lado de mis pensamientos? (por ti) 
BALADA,Tengo una flor de bolsillo. Marchita de buscar a una mujer que me quiera. Y reciba su perfume hasta traer la primavera. Y me enseñe lo que no aprendí de la vida. Que brilla más cada día
REGAETTON,"¿Por qué sigues con él? (¿Por qué sigues con él?) Si borracha me confesaste que él no te lo hace bien Tú le calientas la comida, pero él no te sabe comer (okay) Si pruebas, no vas a volver (no), no, yeh"
REGAETTON,"Que va a explotar como fiesta patronal
Que va a explotar como palestino
Yo sé que a ti te gusta el pop-rock latino
Pero es que el reggaetón se te mete por los intestino'
Por debajo de la falda, como un submarino
Y te saca lo de indio taíno
Ya tú sabe', en taparrabo, mamá
En el nombre de Agüeybaná, no hay más na'
Para na' que yo te vo'a mentir
Yo sé que yo también quiero consumir de tu perejil"
BALADA,"Por favor que alguien me diga
Qué se toma pa' las penas
Cuando está recién herido
Y el alcohol no ayuda pa' olvidarme de ella
Pa' olvidarme de ella
Ya bailé con otros labios
Y me acuerdo siempre de ella
He cantado mil rancheras
Y el alcohol no ayuda pa' olvidarme de ella
Pa' olvidarme de ella
Que descanse en paz aquí
Tú te fuiste y yo me fui
Mi cuerpo camina solo
Mi alma se fue tras de ti
Tú no tienes la culpa
Que yo no me acostumbro a estar sin ti
(Yo no me acostumbro a estar sin ti)"
BALADA,"Amiga mía, lo sé, solo vives por él, que lo sabe también
Pero él no te ve como yo, suplicarle a mi boca
Que diga que me ha confesado entre copas
Que es con tu piel con quien sueña de noche

Y que enloquece con cada botón
Que te desabrochas pensando en sus manos
Él no te ha visto temblar, esperando
Una palabra, algún gesto, un abrazo"
REGAETTON,"Zúmbale mambo, pa' que mis gatas prendan los motore'
Zúmbale mambo, pa' que mis gatas prendan los motore'
Zúmbale mambo, pa' que mis gatas prendan los motore'
Que se preparen, que lo que viene es pa' que le den (¡duro!)

Mamita, yo sé que tú no te me vas a quitar (¡duro!)
Lo que me gusta es que tú te dejas llevar (¡duro!)
Todos los weekend, ella sale a vacilar (¡duro!)
Mi gata no para de janguear, porque"
REGAETTON,"Blanquita, te dejo canela cuando te someto a mi lujureo
Es de la isla, su encanto lo aventureo
Lo jalo con nuestro' video', ya ni las porno googleo, no
No veo un culo que me guste más cabrón por más Reels que swipeo
Y lo que me corre más es que me da esa chapa sin chapeo"
BALADA,"Antes
De que el mundo se formara
Y que el pájaro cantara
Ya te esperaba

Antes
Del perfume de las rosas
Y de tantas tantas cosas
Ya te esperaba"
BALADA,Ya te encontré varios rasguños. Que te hicieron por ahí. Pero mi loco amor. Es tu mejor doctor. Voy a curarte el alma en duelo. Voy a dejarte como nuevo. Y todo va a pasar. Pronto verás el sol brillar. Tú más que nadie mereces ser feliz.Ya vas a ver cómo van sanando. Poco a poco tus heridas. Ya vas a ver cómo va. La misma vida a decantar la sal que sobra en el mar
BALADA,"Él me mintió
Él me dijo que me amaba
Y no era verdad, él me mintió
No me amaba, nunca me amó
Él dejó que lo adorara
Él me mintió, él me mintió
Era un juego y nada más
Era solo un juego cruel de su vanidad
Él me mintió"
REGAETTON,"Ella viene por ahí y nunca llega sola
Ella nunca llega sola
To' los bandi-di- se sueltan las pistola'
Esta noche lo que hay (dice)
Perreo, baby, sobeteo, baby
Tra-tra, baby, hasta abajo, baby
En la disco, baby, yo te cojo, baby
Tra-tra, baby, tra-tra, baby"
REGAETTON,"Hay un hombre moribundo aquí
Dime, ¿quién lo puede revivir?
Hay un hombre moribundo aquí
Dime, ¿quién lo puede revivir?
Tú tienes la receta
La fórmula secreta
Para poner en ritmo en mi corazón
No existe medicina
Doctores, ni aspirina
Para el dolor que siente mi corazón
Casi no siento mis pálpitos
Al rescate que venga la paramédico
Necesito que me des un electroshock
Eh-eh, de tu calor"
BALADA,"Como me apena el verte llorar
Toma mi mano, siéntela
Yo te protejo de cualquier cosa
No llores más, aquí estoy
Frágil te ves, dulce y sensual
Quiero abrazarte y te protegeré
Esta fusión es irrompible
No llores más, aquí estoy"
REGAETTON,"(¿Pa' qué me estás llamando?)
Dime si es verdad que él te trae loca
(¿Y a vos qué te importa?) (¿Ah, sí?)
Aún no lo creo, en tan poco tiempo y ya besas otra boca
¡De malas! (¿Qué?)

Dime cuál fue mi error (dime)
Si mi único delito solo fue amarte
Hoy soy el perdedor (bebé, nomás)
Y él me ha robado el truco para enamorarte (¿qué pasa, mi amor?)"
REGAETTON,"Mi mujer me estaba llamando
Pero yo no contesté (uah, baby, sube)
Porque yo estaba contigo perreando
Y de ella me olvidé (mami)
Dio' mío, perdóname
No sé por qué yo le fallé (fallé, uah)
Yo estaba en la disco perreando
Y con ella me enredé (uah)

Yo estaba en la disco perreando (oh, oh)
Yo estaba en la disco perreando (eh, eh, eh, uah)
Yo estaba en la disco perreando (uah, uah)
Yo estaba en la disco perreando"
REGAETTON,"La mano arriba, cintura sola Da media vuelta, danza kuduro No te canse' ahora, que esto solo empieza Mueve la cabeza, danza kuduro Quién puede domar la fuerza del mal Que se mete por tu' vena' (¡Don!) Lo caliente del Sol que se te metió Y no te deja quieta, nena (¡toma, toma!) Quién puede parar eso que al bailar Descontrola tu' cadera' (sexy) Y ese fuego que quema por dentro y lento Te convierte en fiera"
REGAETTON,"Tú sabe' cómo soy, bebé, yo casi no jangueo. Y ahora salgo to' los día pa' ver si te veo. Aunque sea de lejito', con la hookah y el perreo. Mañana voy a terapia, hoy voy pa'l teteo. Otro mensaje que escribo y no envío. Pero por si acaso lo guardo en mis nota'"
BALADA,"Hasta que me olvides, voy a intentarlo
No habrá quién me seque tus labios por dentro y por fuera
No habrá quién desnude mi nombre una tarde cualquiera
Hasta que me olvides tanto que
No exista mañana ni después, no, no"
REGAETTON,"Y me dices: ""Cuidado, no puedes entenderlo""
Me perdonas la vida, me llevas al infierno
Y me pides la llave del portal de los sueño'
Que me corten las manos si la tengo yo

Y yo sigo en mi pelea conmigo (oh)
No estoy sordo, simplemente es que no atino
Como un lienzo en el Museo del Prado (ey)
Pasa el tiempo y nos quedamos a cuadro'
Y tú sigues esperando respuesta'
Y no existe la pregunta correcta"
BALADA,"Y solo ten mi número telefónico para cuando te sientas sola. Y me llamas a mí, recuerda que yo estaré para ti a todas horas. Y solo ten mi número telefónico."
BALADA,"Debo interpretar tus gritos
Tus llamadas, tus caricias entre cortadas
Y tus arranques de pasión
Debo buscar dentro de tanto desperfecto
La moraleja de este cuento
Debo domar tu corazón"
REGAETTON,"Hula hoop
Hula, hula hoop
Hula, hula hoop
Hula cintura dura, dura
Hula hoop
Hula, hula hoop
Hula, hula hoop
Hula, cintura y nos fuimos

Hula hoop
Hula, hula hoop
Hula, hula hoop
Hula, cintura dura, dura
Hula hoop
Hula, hula hoop
Hula, hula hoop
Hula cintura dura, dura"
REGAETTON,"Aquel día te vi y tu energía sentí. Desde eso, no te quiero lejos de mí. Sé que no sabes de mí, y no te puedo mentir. Lo que dicen en la calle sobre mí y no te voy a negar. Estamos claro' y ya 
 "
BALADA,"A tu lado vivirán y se hablarán
Como cuando estás conmigo
Y hasta creerá... que se dirán
""Te quiero...""

Pero si un atardecer
Las gardenias de mi amor se mueren
Es porque han adivinado
Que tu amor me ha traicionado
Porque existe otro querer"
REGAETTON,"Pa' que to' el mundo vea
Lo rica que tú está', que tú está'
Contigo tengo que apretar
Y en la calle ando suelto
Pero por ti me quito
Si tú me lo pides
Yo me porto bonito
Y subo un selfie pa' que vean
Lo rica que tú está', que tú está'
Las otras tienen que apretar
En la calle ando suelto
Pero por ti me quito
Si tú me lo pide'
Yo me porto bonito"
REGAETTON,"Me estás tentando
Hace rato que te ando velando, oh, oh (¿quienes son?)
Tu cuerpo rozándome, eh, eh (tú sabes quienes son)
Estás excitándome, eh, eh (hey, permiso)
Mi caramelo se suelta el pelo, dale ron con hielo (pah)
Dale rompe el suelo (tum, tum)
"
REGAETTON,"Bebe yo soy adicto a tu piel 
Siempre vuelvo a caer aunque quiera romper 
Este vicio de ti que me hace mal y a veces me hace bien 
Dime que vas hacer e’-e’ estoy puesto pa’ ti si no quieres de mi yo no voy aparecer e’ 
Yo trato de explicarte y tu no quieres entender e’"
BALADA,"Qué vas a hacer esta noche yo pienso que podrás dejar a un lado todo mi compañera serás, mi sueño es esta noche podremos inventar el frío, las estrellas provocan siempre algo más."
REGAETTON,"Esa jevita está enterita, tiene tremendo culo hey, hey
Está tan linda, está tan rica y tiene tremendo culo hey
Teticas chiquita' pero qué importa si tiene tremendo culo hey, hey
Hazme el favor y menéate chica, tienes tremendo culo"
REGAETTON,"Soñando con paisajes de ninguna parte
Me despierto en el desierto de nunca tocarte
Y me quedo prenda'o si te veo a mi la'o
O fumando en mi ventana para colocarte
Mi desierto se inunda si te quedas a dormir
Arrancas los problemas de raíz
Haces que se confunda mi miedo con humo"
BALADA,"Fuiste mía Sólo mía. Mía, mía. Cuando tu piel era fresca. Como la hierba mojada. Fuiste mía. Sólo mía. Mía, mía. Cuando tu boca y tus ojos. De juventud rebosaban. Fuiste mía. Sólo mía. Mía, mía. Cuando tus labios de niña. Mis labios los estrenaban "
REGAETTON,"Cuando tu boca, me toca, me pone y me provoca
Me muerde y me destroza, toda siempre es poca, y muévete bien
Que nadie como tú me sabe hacer el café"
BALADA,"Me tienes tan debilitada
Todas mis fuerzas se me van si estás aquí
Y mis poderes no son nada
Me siento tan normal
Tan frágil tan real
Me elevas al espacio sideral"
BALADA,Nunca había sentido algo así. La vida me mantuvo siempre en paz. Llegaste a abrir las puertas del dolor y a regalar la soledad. Tu piel envenenó mi corazón dejándome en completa oscuridad. Y así en lugar de olvidarte yo te fui queriendo mucho más.
REGAETTON,"Mencionan su nombre y el diablo se esconde Ve como un trofeo, a todos los hombres Dice que te ama y es que algo se trama Te tiene dormido, haciéndote la cama Todo lo que se propone, ella se lo consigue Quiere enamorarse y no se decide después De bajarle el cielo y no hay quien la obligue Caíste y es difícil que tú la olvides"
BALADA,"Por eso esperaba, con la carita empapada
Que llegaras con rosas (con mil rosas para mí)
Porque ya sabes que me encantan esas cosas
Que no importa si es muy tonto, soy así
Y aún me parece mentira que se escape mi vida
Imaginando que vuelves (a pasarte por aquí)
Donde los viernes cada tarde, como siempre
La esperanza dice: ""quieta, hoy quizá sí"""
REGAETTON,"Hoy es, hoy es, Una fiesta sin igual
Para todos es sensacional Hoy la fiesta es
Hoy es, hoy es, Una fiesta sin igual
Tienes que cantar tu ya lo ves
Hoy la fiesta es Hoy la fiesta es"
BALADA,"Porque es pura fantasía nuestro amor
ilusiones que se forjan con el tiempo
por que es tanta la distancia entre los dos
que es difícil que podamos entendernos."
REGAETTON,"Suena tu canción y tú no estás aquí a mi lao'. Yo sé que no debo, que te pienso demasiao'. Qué rico esos días cuando estábamo' tragao'. Tú y yo somo' fuego cuando estamo' emborrachao'. Suena tu canción y tú no estás aquí a mi lao'. Yo sé que no debo, que te pienso demasiao'. Quererte es tan fácil y a la vez tan complicao'. Mirando al teléfono, pero no me has llamao'"
REGAETTON,Ese totito te huele a fruta
BALADA,"Me muero por conocerte, saber qué es lo que piensas Abrir todas tus puertas y vencer esas tormentas que nos quieran abatir Centrar en tus ojos mi mirada, cantar contigo al alba Besarnos hasta
desgastarnos nuestros labios Y ver en tu rostro cada día crecer esa semilla Crear, soñar, dejar todo surgir Aparcando el miedo a sufrir"
REGAETTON,Hoy una gatita me llevaré
REGAETTON,"Salió el sol (Don, Don)
Cuerpo bronceado y sus amigas buscaban acción (Aquella canción)
La canción
Que causa en ellas y sus cuerpos esa sensación (I said: with more reggaetón)
Reggaetón"
BALADA,"Cuando tú estás conmigo es cuando yo digo
Que valió la pena todo, todo lo que yo he sufrido
No sé si es un sueño aún o es una realidad
Pero cuando estoy contigo es cuando digo
Que este amor que siento es porque tú lo has merecido
Con decirte, amor, que otra vez he amanecido
Llorando de felicidad
A tu lado yo siento que estoy viviendo
Nada es como ayer"
BALADA,"Porque no te bese en el alma
Cuando aún podía
Porque no te abracé la vida
Cuando la tenía
Y yo que no me daba cuenta
Cuanto te dolía
Y yo que no sabía el daño que me hacía

Cómo es que nunca me fijé
Que ya no sonreías
Y que antes de apagar la luz
Ya nada me decías
Que aquel amor se te escapó
Que había llegado el día
Que ya no me sentías, que ya ni te dolía"
BALADA,"Víveme sin miedo ahora. Que sea una vida o sea una hora. No me dejes libre aquí desnudo. Mi nuevo espacio que ahora es tuyo, te ruego. Víveme sin más vergüenza. Aunque esté todo el mundo en contra. Deja la apariencia y toma el sentido. Y siente lo que llevo dentro"
REGAETTON,"Rakata, rakata Si se me pega voy a darle Rakata, rakata Esta noche quiero hacerle Rakata, rakata Si se me pega voy a darle Rakata, rakata Eeeeeh (Me toca a mi!)"
REGAETTON,"La mamá de la mamá de la mamá de la mamá
De la mamá de la mamá de la mamá de la mamá
De la mamá de la mamá de la mamá de la mamá
De la mamá de la mamá de la mamá de la mamá
De la mamá de la mamá de la mamá de la mamá
De la mamá de la mamá de la mamá de la mamá
Mamaíta, que está tan rica
Sin pegar los dientes como abuelita
Mamaíta, que está tan rica
Sin pegar los dientes como abuelita"
REGAETTON,"La mano arriba, cintura sola
Da media vuelta, danza kuduro
No te canse' ahora, que esto solo empieza
Mueve la cabeza, danza kuduro
La mano arriba, cintura sola
Da media vuelta, danza kuduro
No te canse' ahora, que esto solo empieza
Mueve la cabeza, danza kuduro"
REGAETTON,"Solo me sé tu nombre, ya no te conozco
No me supe ir, y eso sí lo reconozco, beba
Ya no te desnudo ni te lo coloco
Ya yo no cambié, así que cámbiame por otro
Y vuela, angelito, vuela
Es normal que duela
Si estuvimo' junto' en la misma escuela
Un placer conocerla, fuimo' alma' gemelas"
REGAETTON,"Yo se la mamo y se pone contenta
Está wileá y ya cumplió los 30
Después de las doce no los cuenta
No la llame' en el jangueo si no quiere' que mienta"
REGAETTON,Pongo rosas sobre el Panamera (Brum). Pongo palmas sobre la guantanamera. Llevo a Camarón en la guantera (De la Isla). Lo hago pa' mi gente y lo hago a mi manera.
BALADA,"Tanto tiempo disfrutamos de este amor. Nuestras almas se acercaron tanto así que yo guardo tu sabor. Pero tú llevas también sabor a mí. Si negaras mi presencia en tu vivir, bastaría con abrazarte y conversar. Tanta vida yo te di que por fuerza tienes ya sabor a mí."
REGAETTON,"Tu pusiste el pan
yo pongo el hot dog
si viene tu amiga
le damo’ a las 2
Ta’ borracha hace rato 
y no sabe ya ni lo que dice 
super loca bien bellaca conmigo quiere venirse
búscate a tu amigas pa' meterle a las dos no coman mierda"
REGAETTON,"Ando caminando con un flow violento
Con un piquete cabrón
De lejito' puede' verme en la disco fumando adentro
Nadie lo hace como nosotro'
Ando caminando con un flow violento
Ajá, ajá
De lejito' puede' verme en la disco fumando adentro
Tampoco brillan como nosotro'"
REGAETTON,"Mami, horchata de ajonjolí
Dale pa' la esquina, pa' ponértela en la China
Oye, si las más putas son la' más fina'
Digan lo que digan, vamo' a gozarno' la vida"
REGAETTON,"Yo si que he buscado en el montón, pero no hay otra igual. Y yo daría lo que tengo pa' poderte agarrar. Su cuerpo escultural me pone a ilusionar. Se que ella te derrite si la puede tocar. Extraordinaria mira como te controla. Solitaria porque ella campea sola. Me pone a viajar como una dosis de rola. Para acercase a ella hay que hacer fila en la cola"
REGAETTON,"Mi caramelo se suelta el pelo, dale ron con hielo (¡Pah!)
Dale, rompe el suelo (¡Du-ro!)
Estamo' ready pa'l duelo
El cuello le huelo, ella está en celo
Ella es la reina del party (¡Tú sabe'!)
Como gata vulgary
Dale, somebody at it (¡Plah!)
Al novio tuyo déjalo jugando Atari (¡Puh, puh!)
Dale pa'l party
Modela, no me des gabela (Ajá)
Y déjame echarle por encima Nutella
Llegó el tiburón a comerse la sirena (¡Boom, boom!)
Dale ven, dale nena"
BALADA,"Y te digo que te extraño
Que eres tú toda mi vida
Que me ahogo el alcohol
Que no acepto que termine
Esta historia tan bonita
Esta historia de los dos
Que ese tipo que pretende
Secuestrarme tus caricias
No va ser mejor que yo
No lo dudes
Mi amor Dime ¿Dónde estarás?"
REGAETTON,"Baby, ya yo me enteré, se nota cuando me ve' Ahí donde no ha' llega'o, sabe' que yo te llevaré Y dime qué quiere' beber, e' que tú ere' mi bebé Y de nosotro' quién va a hablar, si no nos dejamo' ver"
BALADA,"Amor prohibido murmuran por las calles
Porque somos de distintas sociedades
Amor prohibido nos dice todo el mundo
El dinero no importa en ti ni en mi
Ni en el corazon oh, oh baby"
REGAETTON,"Eres la niña de mis ojos tú
Eres todo lo que quiero yo
¿Una cerveza pa calmar la sed?, no
Mejor ser besado por su boquita, amor
Las tentaciones así como tú
Merecen pecados como yo
Ay, si tú quieres, solo da la lu' (yeh-yeh)
Tú sabes que no vo'a a decir que no
Ay, tienes la magia, tú sí tiene' una vainita
Que a mí me encanta, me enloquece (alright)
Dormir contigo fue amor a primera vista
Cuando bailabas así
Por el cuellito, besito y lengüita
Sé que te encanta, te enloquece"
BALADA,"Sé que me dijiste que el amor existe y su poder hace lo que sea (Ah)
Que cambie el destino y quédate conmigo porque no soporto la idea (No)
Con amor a la distancia fortalece la confianza y termina siendo una odisea (Ah-ah-ah, no)
Así es la razón pero mi corazón va ganando en esta pelea"
BALADA,"Abrázame muy fuerte, amor. Mantén así tus brazos cerca de mí. Abrázame que el tiempo es tonto y es muy corto. Y que este gran amor no durará para siempre."
REGAETTON,"Para qué me curaste Cuando estaba herío' Si hoy me dejas de nuevo El corazón partío'  ¿Y quién me va a entregar sus emociones? ¿Quién me va a pedir que nunca la abandone? ¿Quién me tapará esta noche, si hace frío? ¿Quién me va a curar el corazón partío'?"
REGAETTON,"Y no te voy a negar
Estamos claros y ya
No te lo voy a negar (no te lo puedo negar)
Estamos claros y ya (estamos claros, estamos claros)
Solo deja que yo te agarre, baby
Besos en el cuello pa' calmar la sed
Mis manos en tus caderas pa' empezar como es
No le vamo' a bajar más nunca mamá (no)"
BALADA,"Yo no aprendí a soltar amores
Yo no aprendí a dejarte ir
Eras una apuesta de largo plazo
Lo que construimos
Lo que construimos"
REGAETTON,"Hey, Llego al party como si fuera mi casa
Ando no encendido sé qué me pasa
Una que me quiere y otra que me abraza
Pero yo ando solo pa' no pegar braza
Hey, tomando mezclas raras de alcohol
Naranja y azul esto parece Combate
Hoy es hasta que salga el sol
Y pongo car'e malo pa' que el guarda me enjache"
BALADA,"Si te he dado todo lo que tengo
Hasta quedar en deuda conmigo mismo
Y todavía preguntas si te quiero
¿Tú de qué vas?
Si no hay un minuto de mi tiempo
Que no me pasas por el pensamiento
Y todavía preguntas si te quiero"
BALADA,"Hasta que me olvides
Voy a amarte tanto, tanto
Como fuego entre tus brazos
Hasta que me olvides"
REGAETTON,"Qué bonitos ojos tienes, quiero chuparte el pene
Con todo respeto, espero no te moleste
Está cerca diciembre, ojalá no te enfermes
Y que no te dé fiebre para que tú me lo entierres
Baby, ponme como quieras, eso no me molesta
Introdúcela completa, rosa pink, rico aprieta"
REGAETTON,"Oye ma', dame otra oportunidad
Bien sabes no soy así, solo tú me haces rogar
Mirándome al espejo y peleando con mi ego
Si entre más me alejo más te pienso
"
BALADA,"Y cada noche vendrá una estrella a hacerme compañía, que te cuente cómo estoy y sepas lo que hay. Dime amor, amor, amor estoy aquí ¿no ves? Si no vuelves no habrá vida, no sé lo que haré."
REGAETTON,"Cuando una mujer decide ser mala y no quiere dueño. Probablemente un hombre la engañó en su vida, sin sentimientos. Rumba, el pasado lo enterró en la tumba. La mala tiene vida, la buena es la difunta. Ahora, pal' carajo la envidia de todas "
REGAETTON,"Sexo, playa, lo que yo quiero contigo, donde diga' yo te sigo. A Dios le pedí un desеo pero no me lo ha cumplido. Tu Instagram yo lo stalkeo, yo siеmpre lo investigo. Pa' ver si sigue' soltera o si volviste. Pa' ver si estás en PR o si te fuiste"
BALADA,"Tengo todo excepto a ti Y el sabor de tu piel Bella como el sol de abril Qué absurdo el día en que soñé Que eras para mí Tengo todo excepto a ti Y la humedad de tu cuerpo Tú me has hecho porque
sí Seguir las huellas de tu olor Loco por tu amor"
BALADA,"Yo quiero verte sonreír y que no tengas que mentir
Nos ves que estoy, estoy aquí dejando toda mi verdad
No queda nadie en la ciudad, pero por vos me quedo acá"
REGAETTON,"Dime cuál fue mi error
Si mi único delito solo fue amarte
Hoy soy el perdedor 
Él me ha robado el truco para enamorarte
Y dime que me amas, aunque sea mentira
No puedo negarte, los celos me están matando
Y dile en su cara que aún por mí suspiras
Me parte el alma no volver a verte"
BALADA,"No creas que no valió la pena
No creas que lo perdimos, esto que nos duele
Aunque nos duele, es solo nuestro"
REGAETTON,"Porque tú no eres como otra', no
Tú eres diferente (eh, eh)
Viviendo la vida loca
Siempre en contra 'e la corriente
Tú hace' lo que a ti te dé la gana
Gana, ah ah
Siempre pichea', meno' si el perreo llama
Llama, ah, ah, ah (ey, ey)"
BALADA,"Tiempo de vals es el tiempo hacia atrás, donde hacer lo de siempre es volver a empezar. Cuando el mundo se para y te observa girar es tiempo para amar. Tiempo de vals, tiempo para sentir y decir sin hablar y escuchar sin oír."
BALADA,Quisiera volver a ser La misma de siempre Y quisiera pensar que No he cambiado en nada Y es mentira Tú me jodiste la vida Y me perdí por tanto tiempo Me encontré y ya no me suelto Hoy quiero gritarle a cuatro vientos
REGAETTON,"Que estoy enfermo de amor, enfermo de amor, enfermo de amor. Ya no sé de ella ni por MySpace, , no sé de ella, no deja ni un mensaje de texto, no sé de ella. Ya no responde ni al teléfono . ¿Será que se buscó a otro? "
REGAETTON,"Ey, nunca había hecho to' esto
Ah, la popstar es pornstar, hoy la quiere toda adentro
Ja, un baby con tu cara obligao lo mantengo
Ja, y esta canción es pa ti, si quieres te doy por ciento
Ese culo es mío, por tu ex lo siento
Pásame el cel pa' grabar otra movie"
REGAETTON,"Ahora nama me llama pa' folla
Adicta a mi culeo ella no quiere para'
Apetito de huevera lo aguanta la pela'
Con su boca haciendo gárgara la tengo graba
Es una fiera
Que sin chaleco aguanta mi balacera"
BALADA,"Qué triste fue decirnos adiós
Cuando nos adorábamos más
Hasta la golondrina emigró
Presagiando el final
Qué triste luce todo sin ti
Los mares de las playas se van
Se tiñen los colores de gris
Hoy todo es soledad"
BALADA,"Hey, ayer te vi
Aparentemente, estabas contento, estabas feliz
Besándola a ella, así como antes me besaba' a mí
En parte me alegra que uno de los dos no esté llorando
Ojalá me pienses de vez en cuando"
BALADA,"El amor es llorar cuando nos dice adiós
El amor es soñar oyendo una canción
El amor es besar poniendo el corazón
Es perdonarme tú y comprenderte yo"
REGAETTON,"La mano arriba, cintura sola
Da media vuelta, Danza Kuduro
No te canses ahora, que esto solo empieza
Mueve la cabeza, oi, oi, oi"
REGAETTON,"Atrévete-te-te, salte del closet
Destápate, quítate el esmalte
Deja de taparte
Que nadie va a retratarte
Levántate, ponte hyper
Préndete, sácale chispas al starter"
REGAETTON,"La vecinita tiene un hickey
Pa' tapar lo que no triki
Como tenga el cuello
Celosa suelta el peliky
Pero weke, weke correte al gavete
Se dieron cuenta en la casita de tu titi
Una titi que no se calla na'"
REGAETTON,"Mirándote a los ojos juraría Que tienes algo nuevo que contarme Empieza ya, mujer, no tengas miedo Quizá para mañana sea tarde Quizá para mañana sea tarde ¿Y cómo es él? ¿En qué lugar se enamoró de ti? ¿De dónde es? ¿A qué dedica el tiempo libre? Pregúntale ¿Por qué ha robado un trozo de mi vida? Es un ladrón, que me ha robado todo"
REGAETTON,"Qué pasaría si estuviéramos solos
En una cama, ey, ey, recordando
Cómo antes yo te lo metía, tu amiga se fue
¿Por qué te estás quedando?, algo te está faltando, bebé, y
Yo lo tengo, ma, yo lo tengo, ma
Yo lo tengo y te lo doy esta noche
Suena su canción, suena su canción
Tú la ves y nadie la conoce"
BALADA,"Yo solo quiero mirar los campos
Yo solo quiero cantar mi canto
Pero no quiero cantar solito
Yo quiero un coro de pajaritos
Quiero llevar este canto amigo
A quien lo pudiera necesitar
Yo quiero tener un millón de amigos
Y así más fuerte poder cantar
Yo quiero tener un millón de amigos
Y así más fuerte poder cantar"
REGAETTON,"Mi mujer me estaba llamando
Pero yo no contesté (uah, baby, sube)
Porque yo estaba contigo perreando
Y de ella me olvidé (mami)
Dio' mío, perdóname
No sé por qué yo le fallé (fallé, uah)
Yo estaba en la disco perreando
Y con ella me enredé (uah)"
REGAETTON,"Y dale, actívate, ¿que quién va a pagar hoy? Ma, tú olvídate, tú te vienes, yo voy Dale, sígueme con ese culo embuste de anime Ma, de anime Dale, actívate, ¿que quién va a pagar hoy? Baby, olvídate, tú te vienes, yo voy Dale, sígueme, esto e' lo que estaba' buscando Mi mensaje bellaqueando Vamo a ver si es verdá, eh"
BALADA,"Quiero en tus manos abiertas buscar mi camino
Y que te sientas mujer solamente conmigo
Hoy tengo ganas de ti, hoy tengo ganas de ti
Quiero apagar en tus labios la sed de mi alma
Y descubrir el amor juntos cada mañana
Hoy tengo ganas de ti, hoy tengo ganas de ti"
REGAETTON,"Y lo' moreno', cuando freno, me dicen: Llegó el nigga
Y lo' moreno', cuando freno, me dicen: Llegó el nigga
Y lo' moreno', cuando freno, me dicen: Llegó el nigga
My nigga, my nigga, my nigga, my nigga
Y lo' moreno', cuando freno, me dicen: Llegó el nigga
Y lo' moreno', cuando freno, me dicen: Llegó el nigga
Y lo' morеno', cuando freno, me dicen: Llеgó el nigga
My nigga, my nigga, my nigga, my nigga
My nigga, my nigga (my nigga, my nigga)
My nigga, my nigga (my nigga, my nigga)
My nigga, my nigga (my nigga, my nigga)
Y lo' moreno', cuando freno, me dicen: Llegó el nigga
My nigga, my nigga (my nigga, my nigga)
My nigga, my nigga (my nigga, my nigga)
My nigga, my nigga (my nigga, my nigga)"
BALADA,"Ya llegó la hora y debo partir.....
vengo a despedirme para decir
en cualquier lugar por donde yo esté
se que en ti pensare
no me queda ahora decir adiós
y después por mi camino seguir
no niego que después lloraré
pero ahora
adiós"
BALADA,"Pienso que cada instante sobrevivido al caminar
Y cada segundo de incertidumbre, cada momento de no saber
Son la clave exacta de ese tejido que ando cargando bajo la piel
Así te protejo, aquí sigues dentro"
REGAETTON,"Dile que bailando te conocí, cuéntale. Dile que esta noche me quieres ver, cuéntale. Cuéntale que beso mejor que él, cuéntale. Dile que esta noche tú me vas a ver, cuéntal. Cuéntale que te conocí bailando, cuéntale. Que soy mejor que él, cuéntale "
BALADA,"Cuando estás lejana, sueño un horizonte falto de palabras
Y yo sé que siempre estás ahí, ahí
Una luna hecha para mí
Siempre iluminada para mí, por mí, por mí, por mí"
BALADA,"Qué triste todos dicen que soy
Que siempre estoy hablando de ti
No saben que pensando en tu amor, en tu amor
He podido ayudarme a vivir
He podido ayudarme a vivir"
BALADA,"Un día mas sin saber donde estará. El que tan solo ayer era tu sueño fiel. Saber donde andará, si en tí pensando está. El que te trajo ayer las flores de papel."
BALADA,"Y la Luna no se convenció Y bajó a mirarte el corazón Y al mirarte, dijo que no había visto un Sol radiante Más bello que mi bendición Tenerte, besarte Andar de la mano contigo Mi cielo, mirarte Decirte un te quiero al oído Yo te lo digo: ¡Qué bendición!"
BALADA,"Como siempre te soñé
Como siempre te soñé
Como controlar
La cálida seducción que tienes cuando
Me das tus besos
Aunque lo quiera evitar
Mil cosas me harán pensar
Que voy hacia ti"
BALADA,"Estoy arrepentido
Y me gana la nostalgia
Será que lo divino
No mezcló muy bien las cartas
Será cuestión de suerte
Que sigamos separados
Quisiera encerrarte
Por mil noches, por mil años"
BALADA,"Perdóname
Si los celos te han dañado alguna vez
Si alguna noche la pasé lejos de ti
En otros brazos, otro cuerpo y otra piel
Perdóname (perdóname)
Si no soy quien tú te mereces (perdóname)
Si no valgo el dolor que has pagado por mí
A veces"
BALADA,"Durmiendo vivir durmiendo
Soñando vivir soñando
Hasta que tú regreses
Y te entregues en mis brazos
Prefiero vivir durmiendo
No quiero vivir llorando
Hasta que tú comprendas
Que yo sigo enamorado"
REGAETTON,"Vamos a coger como cuando no cantaba
Cuando las pacas todavía no llegaban
Antes de que me invadieran las perras y la fama
Como cuando yo no era nada

Antes de llenarme el puto cuello de diamante'
Mami, antes de que te pusiera esos implantes
Cuando me amabas, qué rico chingaba
Deja darte una vez más, si quieres, después nada

Como antes, vamos a comernos como antes
Te pongo un anillo de diamantes
De tu culo y de tu cora, soy amante
Baby, vente antes
"
REGAETTON,"Cuéntale que te conocí bailando
Cuéntale que soy mejor que el
Cuéntale que te traigo loca
Cuéntale que no lo quieres ver
Que quizás fue la noche la que te traicionó
Fue el perfume de mi piel lo que te cautivó
Que ya no tienes excusa pa´ tu traición
Que tuviste mil motivos, que entre en razón
Que quizás te hablo a el oído como ya él no
O en mi arde el fuego de la pasión
Ya no le mientas mas y admite tu error
Y si es por mi no pidas perdón "
BALADA,"Me acostumbré a tus besos y a tu piel, color de miel. A la espiga de tu cuerpo, a tu risa y a tu ser. Mi voz se quiebra cuando te llamo y tu nombre se vuelve hiedra que me abraza y entre sus ramas ella esconde mi tristeza."
REGAETTON,"Atrévete-te-te, salte del closet
Destápate, quítate el esmalte
Deja de taparte
Que nadie va a retratarte
Levántate, ponte hyper
Préndete, sácale chispas al starter
Préndete en fuego como un lighter
Sacúdete el sudor como si fueras un wiper
Que tú eres callejera, Street Fighter"
BALADA,"Tengo miedo de rezarle a Dios
Tengo miedo de tener más valor
Para ser sincero también tengo miedo de que poco a poco olvide tu voz
Sé que estamos lejos, mas nunca pude decir adiós"
BALADA,"¿Qué más puedo decirte?
Tal vez puedo mentirte sin razón
Pero lo que hoy siento
Es que sin ti, estoy muerto, pues eres
Lo que más quiero en este mundo, eso eres"
REGAETTON,"Corona'o, corona'o, corona'o, corona'o, corona'o, corona'o, corona'o, corona'o, corona'o, corona'o, corona'o, corona'o, corona'o, corona'o, corona'o"
BALADA,"Arréglate, mujer, se te hace tarde
Y llévate el paraguas por si llueve
Él te estará esperando para amarte
Y yo estaré celoso de perderte
Y abrígate, te sienta bien ese vestido gris
Sonríete, que no sospeche que has llorado
Y déjame que vaya preparando mi equipaje
Perdóname si te hago otra pregunta"
BALADA,"Desperté en la oscuridad
Sin dejarte de pensar
Sigue tu huella en mi almohada

Veo tu rostro frente a mí
Siento que aún estás aquí
Todo mi cuerpo te extraña

Puedo ver tu sombra en la luna
Cuando mi memoria te alumbra
Ya están desgastadas
Todas las palabras
Lo que queda entre tú y yo
No le alcanza al corazón"
BALADA,"Esa noche entre tus brazos, caí en la trampa
Cazaste al aprendiz de seductor
Y me diste de comer sobre tu palma
Haciéndome tu humilde servidor"
REGAETTON,"Conozco tu debilidad
Como hacer para envolverte
Si no es hoy, Mañana tal vez...
Pero algún día voy a tenerte
Tengo la capacidad
Sin que me hables entenderte
Yo sé lo que traes en tu mente
Que estás loca por tenerme"
REGAETTON,"La primera se desespera. Se encojona si se lo echo afuera . La segunda tiene la funda. Y me paga pa' que se lo hunda. La tercera me quita el estrés. Polvos corridos, siempre echamos tres. A la cuarta, de una, le bajo la Luna"
BALADA,"Por amarte así, es esa mi fortuna, es ese mi castigo. ¿Será que tanto amor acaso está prohibido? Yo sigo aquí, muriendo por estar contigo. Por amarte así, a un paso de tu boca y sin poder besarla. Tan cerca de tu piel y sin poder tocarla."
REGAETTON,"Y nos fuimos en un krippy kush, pensando en ti. La noche está pa' un perreíto sucio de esos que no se olvidan."
REGAETTON,"Hace mucho tiempo que te quiero ver
Busco la manera de tu cuerpo tener
Ni tu padre ni tu madre te quieren conmigo
Pues hagamos el amor por el teléfono
Y solo ten mi número telefónico
Para cuando te sientas sola
Y me llamas a mí, recuerda que
Yo estaré para ti a todas horas"
BALADA,"Si tú me hubieras dicho siempre la verdad
Si hubieras respondido cuando te llamé
Si hubieras amado cuando te amé
Serías en mis sueños la mejor mujer
Si no supiste amar
Ahora te puedes marchar
Si tú supieras lo que yo sufrí por ti
Teniendo que olvidarte sin saber por qué
Y ahora me llamas, me quieres ver
Me juras que has cambiado y piensas en volver
Si no supiste amar
Ahora te puedes marchar"
REGAETTON,"Ay, nuestro amor se acabó. Por mí búscate otro hombre. Otro que te vuelva loca. Loca, loca, vete. Ay, nuestro amor se acabó. Por mí búscate otro hombre. Otro que te vuelva loca. Loca, loca, vete "
BALADA,"No sé tú. Pero yo no dejo de pensar. Ni un minuto me logro despojar. De tus besos, tus abrazos. De lo bien que la pasamos la otra vez. No sé tú. Pero yo quisiera repetir. El cansancio que me hiciste sentir. Con la noche que me diste. Y el momento que con besos construiste "
BALADA,"Y voy a bordar tu sueño en la almohada
Llenar poco a poco el silencio con tu abecedario
Y cuando me callé por dentro, tenerte a mi lado
Hasta que me olvides tanto que
No exista mañana ni después"
BALADA,"Mientes, me haces daño y luego te arrepientes
Ya no tiene caso que lo intentes
No me quedan ganas de sentir
Llegas cuando estoy a punto de olvidarte
Busca tu camino en otra parte
Mientras busco el tiempo que perdí
Y hoy estoy mejor sin ti
Y hoy estoy mejor sin ti
Llegas cuando estoy a punto de olvidarte
Busca tu camino en otra parte
Mientras busco el tiempo que perdí
Y hoy estoy mejor sin ti
Que hoy estoy mejor sin ti
Que hoy estoy mejor sin ti"
REGAETTON,"Mi caramelo se suelta el pelo, dale ron con hielo (¡Pah!)
Dale, rompe el suelo (¡Du-ro!)
Estamo' ready pa'l duelo
El cuello le huelo, ella está en celo
Ella es la reina del party (¡Tú sabe'!)
Como gata vulgary
Dale, somebody at it (¡Plah!)
Al novio tuyo déjalo jugando Atari (¡Puh, puh!)
Dale pa'l party
Modela, no me des gabela (Ajá)
Y déjame echarle por encima Nutella
Llegó el tiburón a comerse la sirena (¡Boom, boom!)
Dale ven, dale nena"
BALADA,"Yo te di
La luz de mis ojos
Mis horas de miel
Mi llanto de hiel
Mi respiración
La luz de mi amanecer
Mi leña y mi hogar
El canto de mi gorrión
Y un poco de pan"
REGAETTON,"En el baño y en los sillones
Diferentes posiciones
Le gusta que de ella abuse
Ahí noo
Por nada del mundo yo no paro
Y no soy Jordán más de tres tiros encesto en ese aro"
REGAETTON,"Mamita, yo sé que tú no te me vas a quitar (¡duro!) Lo que me gusta es que tú te dejas llevar (¡duro!) Todos los weekend, ella sale a vacilar (¡duro!) Mi gata no para de janguear, porque"
BALADA,"Yo sin ti, no aguanto más
Por eso vengo a decirte lo que siento
Estoy sufriendo en la soledad
Y aunque tu padre no aprobó esta relación
Yo sigo insistiendo a pedir perdón
Lo único que importa está en tu corazón"
REGAETTON,"Tengo par de babie' explotándome el cel
Y yo pensando en ti, estoy a tu merced
Tú siempre está' mojá' y yo que tengo sed, eh
Dime qué vamo' a hacer"
BALADA,"Me vas a echar de menos
Cuando te sientas sola
En brazos de otro amor
Y sepas que aún existo
Y que vivo mi vida
O a lo mejor ya no
Y me estarás llamando
Cada 20 de abril
Y dirán que no hay nadie
Que estoy lejos de aquí
Y te pondrás muy triste
Pensando en lo que hiciste
Y no podrás fingir"
REGAETTON,"Pensaba que te había olvidado (pero no), yeh
Pero pusieron la canción, yeh-yeh
Que cantamos bien borrachos
Que bailamos bien borrachos
Nos besamos bien borrachos, los dos
Pensaba que te había olvidado, ey
Pero pusieron la canción, yeh, yeh
Que cantamos bien borrachos
Que bailamos bien borrachos
Nos besamos bien borrachos, los dos, ey-ey"
BALADA,"Quisiera darte el mundo entero
La luna, el cielo, el sol y el mar
Regalarte las estrellas
En una caja de cristal
Llevarte al espacio sideral
Y volar como lo hace Superman"
BALADA,"Si nos dejan
Nos vamos a querer toda la vida
Si nos dejan
Nos vamos a vivir a un mundo nuevo
Yo creo podemos ver el nuevo amanecer
De un nuevo día
Yo pienso que tú y yo
Podemos ser felices todavía"
REGAETTON,"Me encanta salir de noche
Yo no le temo a la oscuridad (oscuridad, oscuridad)
Amigo, soy de la noche
Aunque me rodee tanta maldad (tanta maldad, maldad)
Soy una gárgola
De noche, salimos pa' deshacer
Mujeres, discoteca, bailoteo, maleanteo
Soy una gárgola"
REGAETTON,"Ya no sé qué hacer
No sé con cuál quedarme
Todas saben, en la cama, maltratarme
Me tienen bien, de sexo, me tienen bien

Estoy enamorado de cuatro babys
Siempre me dan lo que quiero
Chingan cuando yo les digo
Ninguna me pone pero
Dos son casadas, hay una soltera
La otra, medio psycho
Y si no la llamo, se desespera"
BALADA,"Si te he fallado te pido perdón de la única forma que sé abriendo las puertas de mi corazón para cuando decidas volver. porque nunca habrá nadie que pueda llenar el vacío que dejaste en mi has cambiado mi vida, me has hecho crecer es que no soy el mismo de ayer ..un dia es un siglo sin ti."
BALADA,"Por amarte robaría una estrella
Y te la regalaría
Por amarte cruzaría los mares
Solo por abrazarte
Por amarte juntaría la lluvia
Con el fuego
Por amarte daría mi vida
Solo por besarte"
BALADA,"Si el amor solamente pasa una vez en la vida Tranqui que yo puedo pasar otra vez, a ver si me miras Ya lo sé, esos ojitos no saben mentir Esa boquita no sabe mentir La verdad solo es una y te voy a decir"
REGAETTON,"Cuéntale que te conocí bailando
Cuéntale que soy mejor que él
Cuéntale que te traigo loca
Cuéntale que tú me quieres ver
Cuéntale que te conocí bailando
Cuéntale que soy mejor que él"
REGAETTON,"Ella es callaita, pero pa' la disco es otra. Le gusta viajar, en primera clase. Ya no cree en el amor por culpa de un falso."
BALADA,"Le di la vuelta a mi mundo
Pa que se pareciera a ti
Pero, por más palmeras
Que plantemo en el jardín
Esto jamás será La Habana
Yo siempre seré Madrid"
REGAETTON,"dile a tu amiga, que si no va a soltar na, que se eche pa'allá si no de me va a dar na, ¿pa qué viene pa'acá? Que si no va a soltar na', que se eche pa'allá si no me va a dar na', ¿pa qué viene pa'acá, pa'acá?"
BALADA,"Nunca es suficiente para mí
Porque siempre quiero más de ti
Yo quisiera hacerte más feliz
Hoy, mañana, siempre, hasta el fin
Mi corazón estalla por tu amor
¿Y tú que crees que esto es muy normal?"
BALADA,"Las tazas sobre el mantel, la lluvia derramada, un poco de miel, un poco de miel no basta. El eclipse no fue parcial y cegó nuestras miradas, te vi que llorabas, te vi que llorabas por él. Té para tres, un sorbo de distracción, buscando descifrarnos."
BALADA,"Te vas, amor
Sí así lo quieres, ¿qué puedo yo hacer?
Tu vanidad no te deja entender
Que en la pobreza se sabe querer
Quiero llorar
Y me destroza que pienses así
Y más que ahora me quedé sin ti
Me duele lo que tú vas a sufrir
Pero recuerda, nadie es perfecto y tú lo verás"
BALADA,"Cuando vivo solo sueño un horizonte falto de palabras
En la sombra y entre luces todo es negro para mi mirada
Si tú no estás junto a mí, aquí"
BALADA,"Y aprendí a quitarle al tiempo los segundos
Tú me hiciste ver el cielo aún más profundo
Junto a ti creo que aumenté más de tres kilos
Con tus tantos dulces besos repartidos"
REGAETTON,"Ella viene por ahí y nunca llega sola
Ella nunca llega sola
To' los bandi-di- se sueltan las pistola'
Esta noche lo que hay (dice)
Perreo, baby, sobeteo, baby
Tra-tra, baby, hasta abajo, baby
En la disco, baby, yo te cojo, baby
Tra-tra, baby, tra-tra, baby
Perreo, baby, sobeteo, baby
Tra-tra, baby, hasta abajo, baby
En la disco, baby, yo te cojo, baby (ey)
Tra-tra, baby, tra-tra, baby (ey)"
BALADA,"Noviembre sin ti es sentir que la lluvia Me dice llorando que todo acabo Noviembre sin ti es pedirle a la luna Que brille en la noche de mi corazón Otra vez, otra vez"
REGAETTON,"Pero si le ponen la canción (Hmm)
Le da una depresión tonta (Tonta)
Llorando lo comienza a llamar
Pero él la dejó en buzón (No)
¿Será porque con otra está (Con otra está)
Fingiendo que a otra se puede amar?
Eh, ah"
BALADA,"No dejabas de mirar, estabas sola Completamente bella y sensual Algo me arrastó hacia ti como una ola Y fui y te dije ""hola, ¿qué tal?"" Esa noche entre tus brazos, caí en la trampa Cazaste al aprendiz de seductor Y me diste de comer sobre tu palma Haciéndome tu humilde servidor Amiga Hay que ver cómo es el amor Que vuelve a quien lo toma Gavilán o paloma Pobre tonto, ingenuo charlatán Que fui paloma por querer ser gavilán Amiga Hay que ver cómo es el amor Que vuelve a quien lo toma Gavilán o paloma"
BALADA,"Y dime que me amas aunque sea mentira
No puedo negarte los celos me están matando
Y dile en su cara que aún por mi suspiras
Me parte el alma no volver a verte
Y dime que me amas aunque sea mentira
Sabes que no hay nadie como yo
Y dile en su cara que aún por mi suspiras
No te engañes no me olvidarás
Está claro que tú, mereces alguien mejor
No sé en que fallé, pero no hay otro como yo"
REGAETTON,"Mami, ¿qué tú soñaste anoche? Yo te vi trepada ahí en mi coche. Dando vueltas por la longa, recordando lo que fue de nosotro' hoy."
REGAETTON,"Todo está bien, no te tiene' que estresar A ti yo sola no te dejaré Me enchulé la primera vez que la vi Me enamoré cuando con ella bailé Desde hace rato se quería pegar Puso la espalda contra la pared Y si yo bajo sabe qué le haré"
BALADA,"Ay nos hubieran visto
Estábamos allí sentados
Frente a frente
No podía faltarnos la luna
Y hablábamos de todo un poco
Y todo nos causaba risa
Como dos tontos
Y yo que no veía la hora
De tenerte en mis brazos
Y poderte decir
Te amo"
BALADA,"Por debajo de la mesa, acaricio tu rodilla
Y bebo, sorbo a sorbo, tu mirada angelical
Y el respiro de tu boca, esa flor de maravilla
Las alondras del deseo cantan, vuelan, vienen y van

Y me muero por llevarte al rincón de mi guarida
En donde escondo un beso con matiz de una ilusión
Se nos va acabando el trago, sin saber que es lo que hago
Si contengo mis instintos o jamás te dejo ir

Y es que no sabes lo que tú me haces sentir
Si tú pudieras un minuto estar en mí
Tal vez te fundirías a esta hoguera de mi sangre
Y vivirías aquí y yo abrazado a ti"
BALADA,"No podía faltarnos la luna
Y hablábamos de todo un poco
Y todo nos causaba risa
Como dos tontos
Y yo que no veía la hora
De tenerte en mis brazos
Y poderte decir"
REGAETTON,"Y si con otro pasas el rato
Vamo' a ser feliz, vamo' a ser feliz
Felices los cuatro
Te agrandamo' el cuarto
Y si con otro pasas el rato
Vamo' a ser feliz, vamo' a ser feliz
Felices los cuatro
Yo te acepto el trato"
REGAETTON,"Con calma
Yo quiero ver como ella lo menea
Mueve ese poom-poom, girl
Es una asesina, cuando baila quiere que to' el mundo la vea
I like your poom-poom, girl (¡Sub-sube!)"
BALADA,"Porque la sombra que dejaste sigue aquí
Y no ha encontrado como hacer para seguir
Porque aunque hoy me ha vuelto llanto este dolor
Sé que algún día en la mañana tras las nubes volverá a salir el sol"
REGAETTON,"Dime qué tú vas a hacer
Mami tengo la inquietud
Si quieres sufrir con él
Eso lo decides tú
Que seas feliz con él
Yo no te contestaré
Sé que me vas a llamar
Cuando me extrañe tu piel"
REGAETTON,"Quemando un crespo
Quemando el sol mirandote, que chimba esto
Poniendote el oil tan por todo el cuerpo
Hace calor pero no quiero que se me acabe esto
Eh
Tú de otra city
Ese totico rosado, flow hello kitty
Chingar me quitó el guayabo de esa fiesta anoche en Santorini
Se broncea a top-less
Solo quiere que se le marque la tanga del bikini
Yeah
Volvamos a hacerlo aunque no hayamos dormido
Me porto bien pero bien malo contigo
Tú me dices lo rico que la estas pasando y me motivo
¿Mañana pa' donde quieres ir?
En el Goyard tengo el efectivo
Pa' gastarmelo todo en ti
Amanece otra vez conmigo"
REGAETTON,"Chingando con un feeling somos Rey de las Olas
Estoy frente a tu alma, porfa, ma, déjame entrar
Permíteme que entienda' que no existe nadie más
Y si me quedo contigo es porque tú eres la mondá"
REGAETTON,"Yo sé que tú me piensas, baby
Quería hacerte mi first lady
I just wanna fuck you, tell me what you been at
I've been reminiscing lately
I would have a new love maybe
Baby, come back, don't make me
We should have sex, sex, sex like we did daily, daily"
BALADA,"Amor Tranquilo, no te voy a molestar Mi suerte estaba echada, ya lo sé Y sé que hay un torrente dando vueltas por tu mente Amor Lo nuestro solo fue casualidad La misma hora, el mismo bulevar No temas, no hay cuidado, no te culpo del pasado Ya lo ves La vida es así Tú te vas Y yo me quedo aquí Lloverá Y ya no seré tuya Seré la gata Bajo la lluvia Y maullaré por ti"
REGAETTON,"Sí, sabes que ya llevo un rato mirándote
Tengo que bailar contigo hoy (DY)
Vi que tu mirada ya estaba llamándome
Muéstrame el camino, que yo voy (oh)
Tú, tú eres el imán y yo soy el metal
Me voy acercando y voy armando el plan
Solo con pensarlo se acelera el pulso (oh, yeah)
Ya, ya me está gustando más de lo normal
Todos mis sentidos van pidiendo más
Esto hay que tomarlo sin ningún apuro"
BALADA,El calendario te dirá el por qué. El remitente te hablará de mí. Y otra vez mi recuerdo brillará con más luz. Sentirás tal vez amor que tú. Aun me sigues amando y pensarás mil cosas. Correrás junto a las rosas que mandé.
BALADA,"Tanto tiempo disfrutamos de este amor
Nuestras almas se acercaron, tanto así
Que yo guardo tu sabor
Pero tú llevas también
Sabor a mí
Si negaras mi presencia en tu vivir
Bastaría con abrazarte y conversar"
REGAETTON,"Ya yo me enteré, se nota cuando me ve'
Ahí donde no has llegao' sabes que yo te llevaré
Y dime qué quieres beber, es que tú eres mi bebé
¿Y de nosotros quién va a hablar? Si no nos dejamos ver (¿me sigues?)
Mami, me tienes juqueao', sí
Si fueras la Uru, me tuvieses parqueao'
Dando vueltas por Condado, contigo siempre arrebatao'
Tú no eres mi señora, pero
Toma cinco mil, gástalo en Sephora
Louis Vuitton, ya no compra en Pandora
Como piercing a los hombres perfora, eh"
REGAETTON,"Me inculcaron semillita de esta cultura
Desde la cuna, agradecido de esta negrura
Con la soltura de mi flow, no hago travesuras
Se siente uva, como Fidel Castro en Cuba"
REGAETTON,"Quiero aprovechar, ya que estoy tomao
Pa poder decirte todas las cosas que me he guardao
Sé que no son horas de llamar, pero te vi en línea
Y solo quería confirmar si aún eras mi niña"
REGAETTON,"No me importa lo que de mí se diga
Viva usted su vida, que yo vivo la mía
Que solo e' una, disfruta el momento
Que el tiempo se acaba y pa'trás no vira

Bebiendo, fumando y jodiendo
Sigo vacilando de party to' los día'
Y síguelo, oh-oh-oh, oh-oh-oh, oh-oh (¡Farru!)
Síguelo, oh-oh-oh, oh-oh-oh, oh-oh"
REGAETTON,"Si conmigo te quedas
O con otro tú te vas
No me importa un carajo porque sé que volverás
Si conmigo te quedas
O con otro tú te vas
No me importa un carajo porque sé que volverás"
REGAETTON,"Real hasta la muerte, baby"
REGAETTON,"Pero si le ponen la canción (Hmm)
Le da una depresión tonta
Llorando lo comienza a llamar
Pero él la dejó en buzón (-zón)
¿Será porque con otra está (Con otra está)
Fingiendo que a otra se puede amar?"
REGAETTON,"Que quizás fue la noche la que te traicionó O el perfume de mi piel lo que te cautivó Que ya no tienes excusas pa' tu traición Que tuviste mil motivos, que entre en razón"
BALADA,"Esperando, para dejarles saber
Lo que me han dado
Para ocultarme detrás
De la máscara esta vez
E intentar creer

Cierra tus ojos a lo que ves
No puedes abrazarlo
Deja las cosas como están
No lo recuerdes
Corta tu orgullo y míralo sangrar
No puedes negarlo
Sabes que el dolor no puedes ignorarlo
No lo recuerdes"
BALADA,"No sé tú
Pero yo no dejo de pensar
Ni un minuto me logro despojar
De tus besos, tus abrazos
De lo bien que la pasamos la otra vez
No sé tú
Pero yo quisiera repetir
El cansancio que me hiciste sentir
Con la noche que me diste
Y el momento que con besos construiste"
REGAETTON,"Ella es ese sueño que tuve despierto
Un recuerdo leve de esto que siento
Una sacudida a mis salidas
La cima de un beso en un brinco suicida
Su fuente de energía, cautiva mis sensores (D-O)
Pues no hay quién la controle cuando baila encendí'a (Ey)
Tiene dentro esa chispa, que quema transistores
Y bebe de un elixir que enciende sus motores"
BALADA,"Sólo vivir el momento y el hoy
Mas te extraño cada día peor
Si nos hiciéramos un poco para atrás
Podríamos recuperar la voluntad
Si nos pudiéramos, si nos pudiéramos
Si nos pudiéramos odiar"
REGAETTON,"China (Anuel AA ftMi mujer me estaba llamando Pero yo no contesté (uah, baby, sube) Porque yo estaba contigo perreando Y de ella me olvidé (mami) Dio' mío, perdóname No sé por qué yo le fallé (fallé, uah) Yo estaba en la disco perreando Y con ella me enredé (uah) Yo estaba en la disco perreando (oh, oh) Yo estaba en la disco perreando (eh, eh, eh, uah) Yo estaba en la disco perreando (uah, uah) Yo estaba en la disco perreando"
BALADA,Dame una señal Solo dame una mirada Si estas a mi lado a mi No me importa nada Ya quiero estar entre tus brazos Y me muero por probar tus labios Rojos llenos de ti Solo dime que si
BALADA,"Ay, amor, no sé que tiene tu mirar
Que día a día me conquista más y más
Ay, amor, cuanto daría por romper
Ese misterio que te atrapa sin querer

Ay, amor

Mis días se alargan
Cuando no te miro
Y busco entre mil cosas una que me hable de ti
Solo de ti"
REGAETTON,"Llevo varias noches pisteándome el dolor
Rogándole a Dios que me devuelva tu amor
Bebé ya desbloquea mis llamadas que quiero hablarte
Solo dame un minuto pa' explicarte
Que la regué
Me equivoqué
Perdóname
No lo vuelvo a hacer
Porque tengo varias noches sin dormir
Mi cama se quedó con el olor a ti
Yo te extraño
Te extraño
Y no haces nada
Tanto que yo hice por ti
Y es que tengo varias noches sin dormir
Mi cama se quedó con el olor a ti
Yo te extraño
Te extraño
Y si me extrañas
Por favor dime que sí
Di que sí"
REGAETTON,"Yo quería parar el tiempo con tus ojos viéndome. Con las ganas de quedarme así abrazándote. Y parar aquel momento cada vez que tú te ibas. Yo quería, sí quería. Yo quería cambiar el mundo pero el mundo es como es. Cuántas ganas de escarbar dentro de tu alma."
BALADA,"Lo dejaría todo porque te quedaras Mi credo, mi pasado, mi religión Después de todo, estás rompiendo nuestros lazos Y dejas en pedazos a este corazón Mi piel también la dejaría, mi nombre, mi fuerza Hasta mi propia vida ¿Y qué más da perder Si te llevas del todo mi fe"
BALADA,"El amor es un ingrato
Que te eleva por un rato
Y te desploma porque sí
El amor es dos en uno
Que al final no son ninguno
Y se acostumbran a mentir
El amor es la belleza
Que se nutre de tristeza
Y al final siempre se va"
REGAETTON,Ese culo está brígido Y hoy vamo' a echar un par de polvo' mínimo Yo diciéndote suciería al oído Tu novio que no me ronque por las rede' Que ya lo he visto de frente y él es tímido
REGAETTON,"Siatonto
Unas wila más que reportó
Usted cuide la suya porque si no me le monto
No tiene que pagar pase para estar abordo
Que se suba toda la que tenga el culo gordo
Big fatty gyal dem
Haga que se sienta
Que se ponga mala para que vea como ella miente
Ella es un fenómeno,maniática,demente
Quiere que mi cocky la atraviese por el vientre"
REGAETTON,"Uah (uah)
Siempre te llamo de madrugá'
Porque quería decirte que (oh-oh)
Me encanta todo desde la primera ve’ (oh-oh)
Pero esta ve' a mí me tocó perder (uah)
No es casualidad, yo lo sé (oh-oh-oh, oh-oh)
Te sucede también (oh-oh-oh, oh-oh)

Y estás ahí aunque sabes que no es donde perteneces (bebecita)
Y tú lo sabes, aunque no lo confieses
Quieres volver, con él no te sientes bien (bebé)
Si tú no estás las ganas solo crecen (bebé)"
REGAETTON,"Pa' que to' el mundo vea Lo rica que tú está', que tú está', ey Contigo tengo que apretar Y en la calle ando suelto Pero por ti me quito Si tú me lo pide Yo me porto bonito Y subo un selfie pa que vean lo rica que tú está, que tú está"
BALADA,"Miénteme como siempre
Por favor miénteme
Necesito creerte
Convénceme
Miénteme con un beso
Que parezca de amor
Necesito quererte
Culpable o no "
BALADA,"Le bajé las estrellas de un solo golpe
Tal vez ese fue mi error
Le ofrecí cada día y cada noche, el alma y el corazón
Pero no le bastó no fue suficiente
No quiso quererme como la quise yo"
REGAETTON,"Dime pa' dónde vamo' después de la playa. Si nos secamo', yo traigo la toalla. Y de nuevo nos mojamo', pero en mi cama. Te vo'a dar tabla de surfear, yeah"
BALADA,"Qué triste fue decirnos adiós
Cuando nos adorábamos más
Hasta la golondrina emigró
Presagiando el final
Qué triste luce todo sin ti
Los mares de las playas se van
Se tiñen los colores de gris
Hoy todo es soledad"
REGAETTON,"Un-un pote de picosina y mucha gasolina Volumen pa'la bocina, coro y vamos pa' encima Hoy nos fuimos al garete aunque llame la policía Activa'os los monzalbete que la calle está prendía"
REGAETTON,"Baby, ¿ya pa' qué? Me dice que no me vaya cuando ya empaqué. De tanto llorar por ti, la última gota ya saqué. Tal vez en la otra vida, porque en esta ya no fue. ¿Ya pa' qué, pa' qué, pa' qué. Si el cora en una caja lo empaqué. Si hasta los sentimientos me saqué? Muy tarde, pero me di cuenta que"
BALADA,"Cuando sientas tristeza
Que no puedas calmar
Cuando haya un vacío
Que no puedas llenar
Te abrazaré
Te haré olvidar lo que te hizo sufrir
No vas a caer
Mientras que estés junto a mi"
BALADA,"No voy a estar bien
Sin tus ojos mirando los míos no voy a poder
Sin la brújula de tus cariños me voy a perder
Y con un corazón sin latidos extrañándote"
REGAETTON,"Ya no me acuerdo de tu cara
La forma de tu cuerpo ni aunquе la pensara
Hay demasia'o que nos sеpara
La vida es bonita pero traicionera
Vestí'a con F de Fendi (Fendi, Fendi, Fendi)"
BALADA,"Mira si estoy tonto de verdad que pienso que si obras mal es culpa mía. Mira si me has hecho no ser yo que, en lugar de hacerte daño, te protejo. Vamos a decirnos la verdad, si te pudiera borrar, te borraría."
BALADA,"Tu, intensamente tu
Soledad, cariño yo que se
Tu, mis horas bajas tu
Un cuerpo de mujer
Un par de rosas blancas

No existe un lazo entre tu y yo
No hubo promesas
Ni juramentos
Nada de nada "
REGAETTON,"Y ya la vi, anda con dos La amiga me miró Al VIP se pegó Claro que sí, claro que entró Hola, je Mi nombre es Bad Bunny, un gusto, un placer Aprovéchame hoy, que obligao no me vuelves a ver"
BALADA,"El dolor es fuerte y lo soporto
Porque sufro pensando en tu amor
Quiero verte, tenerte y besarte
Y entregarte todo mi corazón
Como te extraño, mi amor, ¿por qué será?
Me falta todo en la vida, si no estás
Como te extraño, mi amor, ¿qué debo hacer?
Te extraño tanto que voy a enloquecer"
BALADA,"Quise
Mi piel llenarla de tatuajes pa cubrir los besos que dejaste
Puedo ocultar la historia que vivimos, pero no puedo borrarte
Dicen que el tiempo va a curarlo todo y sé que es mentira
Es imposible que pueda olvidar al amor de mi vida
Ni tomando como loco
Ni con otro amor tampoco
Lo que duró varios meses va a dolerme para toda una vida
Cuando dije: ""haz lo que quieras, vete si te quieres ir""
No era lo que quería
Duele más saber que mis acciones fueron decepciones
Y no un simple enojo
Las heridas que te hice nunca te abrieron la piel
Pero te abrieron los ojos
Y ahora me toca aceptarlo
Aunque me cueste tanto hacerlo
Que ya no somos ni seremos"
REGAETTON,"Ey, salimos a cazar la nota. El bajo suena duro, retumban las paredes y el malianteo sigue activo en la zona."
BALADA,"Me callo porque es más cómodo engañarse
Me callo porque ha ganado la razón al corazón
Pero pase lo que pase, y aunque otro me acompañe
En silencio te querré tan solo a ti"
REGAETTON,"Yo nací en el bajo mundo a mí me dicen el vagabundo
Porque siempre paro con un pote 'e romo y una jumbo
Esa mala que tu tiene' en el barrio le da to' el mundo
Yo no se lo meto porque si se lo meto la fundo
El perverso pero ahora me dicen papi Jordan
También me dicen viral porque se lo metí en la Honda
El molleto de la negra el que la pone to' cachonda
Me lo maman en el baño de la disco o en la bomba
Un mono me mangó singando y le di una milonga"
REGAETTON,"Ya está amaneciendo, el sol saliendo
Yo amanezco a lado tuyo, bebe
Y aún no recuerdo lo que sucedió ayer
Quisiera saber cuál es tu nombre, mujer
Pero que clase de rumba pa, pa, pa
La que yo cogí anoche que, que, que
No recuerdo lo que sucedió
"
BALADA,"Ya me canso de llorar y no amanece
Ya no sé si maldecirte o por tí llorar
Tengo miedo de buscarte y no encontrarte
Dónde me aseguran mis amigos que te vas
Hay momentos en que quisiera mejor rajarme
Y arrancarme ya los clavos de mi penar
Pero mis ojos se mueren sin mirar tus ojos
Y mi cariño con el aurora te vuelve a esperar"
REGAETTON,"Soy el peor que te trató, pero el mejor que te metía. Y aunque tú lo niegue', ya tú sabe' que ere' mía. Sé que no me quiere', pero igual me chingaría'. Mami, no esté' resentía'"
REGAETTON,"Ey, dime, ma', ¿qué va a pasar? Si tú estás sola y yo estoy libre ya. Llevo tiempo mirándote y veo que tú tienes sed de mí."
REGAETTON,"Dale móntate ponte bruta
Vamos a recordar esos tbt que te gustan
A loca más su tren más y te parto esa ruta
Me culea tan rico que parece p***
Ese bom bom bum me lo robe de la tienda
"
REGAETTON,"No se le ha olvidado cómo la pasamos
Fuimos a la disco y los dos bailamos pegados
Como perros pegados, besos y un par de tragos
Se quedó a mi lado y dijo: ""Creo me he enamorado""
Ella fuma, ella toma
Es diablita, chiquita, pero picosa
Me encanta cuando el pantalón me lo roza
A ella le encanta, se ve en su cara lo goza"
REGAETTON,"Sale a olvidar las penas y el sufrimiento El novio la hizo llorar, mató su sentimiento Prometió palabras que se fueron con el viento Ahora ella le dice: Lo lamento, lo siento"
BALADA,"No tengo ya derecho a reprocharte nada Pues nada queda ya de ti, de mí, de ayer Qué pena, nuestra historia pudo ser fantástica Y ahora dime mi amor ¿Quién te va a defender?"
BALADA,"Tú me quieres, pero yo te amo
Esa es la verdad
Tu presencia aquí me está matando
De sentirte a la mitad
Me he cansado de intentar y no lograr
Que te vuelva a enamorar
Sé que no me quieres lastimar
Pero tengo que soltarte
Hoy te dejo en libertad"
REGAETTON,"Que me volví su maldito vicio
Solita se me encuera y empezamos el estropicio
Candela pura
Leña pa' ese orificio
Tu sabe' mami soy tu plato alimenticio
Si tiene gana de hacerlo no es por beneficio"
BALADA,"Cuando tú estás conmigo, es cuando yo digo. Que valió la pena todo, todo lo que yo he sufrido. No sé si es un sueño aún, o es una realidad. Pero cuando estoy contigo, es cuando digo. Que este amor que siento es porque tú lo has merecido"
REGAETTON,"Me devolviste las gana', ya yo no amaba. En nadie confiaba, a nadie miraba. Hasta que te encontré. Y, de nuevo, me enamoré. Eres el ángel que me sacó de adentro ese demonio. Me calmaste el odio, ya no me agobio. Por ti, yo sigo sobrio. Y si me deja', te propongo matrimonio"
BALADA,"Tus ojos me llevan lentamente al Sol
Y tu boca me habla del amor y el corazón
Tu piel tiene el color de un rojo atardecer
Y es por ti
Que late mi corazón
Y es por ti
Que brillan mis ojos hoy"
REGAETTON,Ella me mira de tal forma Que no sé ni qué pensar Se muerde los labios Y se mueve bien sensual Si dudas de mí De todo lo que te haré Y si ella pide más más reggaeton Pues más le daré Si necesitas reggaeton dale Sigue bailando mami no pare Acércate a mi pantalón dale Vamo' a pegarnos como animales Si necesitas reggaeton dale Sigue bailando mami no pare Acércate a mi pantalón dale Vamo' a pegarnos como animales
BALADA,"Y de pronto nos rodeo el silencio
Y nos miramos fijamente
Uno al otro
Tus manos entre las mías
Tal vez nos volveremos a ver
Mañana no sé si podre
¿Qué estás jugando?"
REGAETTON,"Es una bichiyal Le gusta montarse en los banshee y chillar Se pasa picheando, pero la voy a pillar Ya son las diez y se empezó a maquillar Hoy se puso traje, hoy se va a guillar La otra mordida, no las deja brillar Una asesina, los mata con perreo No sé como todavía no salía en un video"
REGAETTON,"Viernes son todos los días
Bailo con mi melodías
Una canción de amor
Escribo en el sillón
Canto para mí
Pierdo las preocupaciones
Dime, bajo en calzones
Una porción de amor
Toma té en el sillón
Como para ti"
REGAETTON,"Wow. El cielo está estrellado y tú (yeah-yeah). Estás brillando mucho más que él. Esto parece como un déjà vu (ey). O algo así parecido me soñé. No quiero a otra, solo tú. Que nos coja juntos el amanecer, Ya no en la calle, porque ahora estás tú Yo estaba perdido, pero te encontré."
REGAETTON,"Llevo par de día' visitando el joyero. Mе caché par de anillo', uno pa' cada dedo. La MVP de еsto y con mi negocio no juego. Tirando chavo' mientras suena esta en el putero"
REGAETTON,"Folla a todo el mundo y
Y no son 10
Dile a Mista Bombo
En la playa desnuda y descalza
Entre más puta más la voz te alzan (Yesai!)
Antipática, egocéntrica, descansa que"
REGAETTON,"Zúmbale mambo, pa' que mis gatas prendan los motore'
Zúmbale mambo, pa' que mis gatas prendan los motore'
Zúmbale mambo, pa' que mis gatas prendan los motore'
Que se preparen, que lo que viene es pa' que le den (¡duro!)
Mamita, yo sé que tú no te me vas a quitar (¡duro!)
Lo que me gusta es que tú te dejas llevar (¡duro!)
Todos los weekend, ella sale a vacilar (¡duro!)
Mi gata no para de janguear, porque
A ella le gusta la gasolina
(¡Dame más gasolina!)
Cómo le encanta la gasolina
(¡Dame más gasolina!)"
BALADA,"Tú, la misma, siempre tú. Amistad, ternura, qué sé yo. Tú, mi sombra has sido tú. La historia de un amor. Que no fue nada. Tú, mi eternamente tú. Un hotel, tu cuerpo y un adiós. Tú, mi oculta amiga, tú. Un golpe de pasión. Amor de madrugada "
REGAETTON,"Me gustan mucho las Gabriela
Las Patricia, las Nicole, las Sofía
Mi primera novia en kinder, María
Y mi primer amor se llamaba Thalía
Tengo una colombiana que mе escribe to' los día'
Y una mexicana quе ni yo sabía
Otra en San Antonio que me quiere todavía
Y las de PR que todita' son mía'
Una dominicana que es uva bombón
Uva, uva bombón
La de Barcelona que vino en avión
Y dice que mi bicho está cabrón
Yo dejo que jueguen con mi corazón
Quisiera mudarme con toda' pa' una mansión
El día que me case te envío la invitación
Muchacho, deja eso, ey"
REGAETTON,"Me convierto en pirata y robaría tu corazón
Y te haría el amor en el cinturon de Orión
No hay como fallarle a semenjante mujerón
Te aseguro que eres mi filosofía y yo Platón
Entiende que yo soy único, mami por ende
El menos esperado te sorprende
Y que las heridas sanan, el dolor no dura siempre"
BALADA,"Amor eterno e inolvidable
Pero tarde o temprano
Yo voy a estar contigo
Para seguir amándonos
Yo he sufrido mucho por tu ausencia
Desde ese día hasta hoy, no soy feliz
Y aunque tengo muy tranquila mi conciencia
Yo sé qué pude y sé que pude haber yo hecho más por ti
"
BALADA,"Haces que mi cielo vuelva a tener ese azul. Pintas de colores mis mañanas, solo tú. Navego entre las olas de tu voz y. Tú, y tú, y tú, y solamente tú. Haces que mi alma se despierte con tu luz. Tú, y tú, y tú."
BALADA,"Ya lo sé, que corazón que no ve
Es corazón que no siente
O corazón que te miente amor
Pero, sabes que en lo más profundo de mi alma
Sigue aquel dolor por creer en ti
¿Qué fue de la ilusión y de lo bello que es vivir?
Para qué me curaste cuando estaba herido
Si hoy me dejas de nuevo el corazón partió"
BALADA,"Bendito el lugar
Y el motivo de estar ahí
Bendita la coincidencia
Bendito el reloj
Que nos puso puntual ahí
Bendita sea tu presencia
Bendito Dios por encontrarnos
En el camino
Y de quitarme esta soledad
De mi destino"
REGAETTON,"Zúmbale mambo pa' que mis gata' prendan los motore'
Zúmbale mambo pa' que mis gata' prendan los motore'
Zúmbale mambo pa' que mis gata' prendan los motore'
Que se preparen, que lo que viene es pa' que le den
(Duro) Mamita, yo sé que tú no te me va' a quitar
(Duro) Lo que me gusta es que tú te dejas llevar
(Duro) Todos los weekenes ella sale a vacilar
(Duro) Mi gata no para 'e janguear, porque
"
BALADA,"Tu, intensamente tu
Soledad, cariño yo que se
Tu, mis horas bajas tu
Un cuerpo de mujer
Un par de rosas blancas"
BALADA,"Oh, y ahora tú te vas Así, como si nada (y tú te vas) Acortándome la vida, agachando la mirada Y tú te vas Y yo que me pierdo entre la nada (y tú te vas) Dónde quedan las palabras y el amor que me jurabas Y tú te vas, oh-oh"
BALADA,"Bella, bella
Insoportáblemente bella bella
Bella, bella, inaguantáblemente bella bella
Sí, era muy bella
Sí, era muy bella
Pero vacía, pero tan fría
Que al abrazarla pensaba que estaba abrazando a una piedra"
REGAETTON,"Tirando unos verde', brillando mis joya'
Se me nota el peine, muerte al que te apoya
Nosotro' mandamo', cierren la disco
Y maleante', que guarden las pistola'"
BALADA,"Y busqué entre tus cartas amarillas
Mil te quiero, mil caricias
Y una flor que entre dos hojas se durmió
Y mis brazos vacíos se cerraban
Aferrándose a la nada, intentando detener mi juventud"
BALADA,"Me dijiste que jamás podría olvidarte
Que después iría a rogarte y a pedirte, ""Bésame""
Yo luché contra el amor que te tenía y se fue
Y ahora ya te olvidé"
REGAETTON,"Hoy es viernes y el cuerpo pide fiesta
Y se lo juro que eso a mí no me molesta
Cuando el guaro llama se le contesta
Voy por esa esa y esa
Que yikas que yikas todas
Todas las quiero para mi
Las Gyals que resuelven solas
Esas son las mamis que merecen boda
Estudiosa y también lo enrola"
BALADA,Tú te ibas Pero ya es de día Que otra noche más que fuiste mía ¿Ahora qué hacemos si esto va en serio? Hago todo para que tú sonrías Y esas cosas no parecen mías No sé qué es esto Pero me presto
REGAETTON,"Baby, ya yo me enteré, se nota cuando me ve'. Ahí donde no has llegao' sabes que yo te llevaré y dime qué quieres beber, es que tú eres mi bebé ¿Y de nosotros quién va a hablar? Si no nos dejamos ver y a veces es Dolce, a veces Bulgari. Cuando te lo quito después de los parties "
BALADA,"Y te has pintado la sonrisa de carmín
Y te has colgado el bolso que te regaló
Y aquel vestido que nunca estrenaste
Lo estrenas hoy
Y sales a la calle
Buscando amor"
REGAETTON,"Que tengo la polla en candela
Y quiero comerte ese (culo, culo, culo)
Ando loco con su (culo, culo, culo)
Bien bellaco por su (culo, culo, culo)
Hasta abajo con su (culo, culo, culo)
Me vuelvo loco con su
Me enamoré de tu (culo, culo)"
REGAETTON,"Siatonto
Otro mae más que se va a mosquear
Por un cuero que no se va a culiar
No es mi culpa que se pare y que no sepa administrar
Si me cruzo una demonia, yo la tengo que culiar
Siatonto
Unas wila más que reportó
Usted cuide la suya porque si no me le monto
No tiene que pagar pase para estar abordo
Que se suba toda la que tenga el culo gordo
Big fatty gyal"
BALADA,"Y siempre pensé, la vida debe de continuar,
pero sin ti, todo se quedó por la mitad.
A medio vivir, a medio sentir
y se me pasa la vida
y no encuentro salida, sin ti."
BALADA,"Por última vez
Déjame invitarte a caminar
La tarde ya se va
Tomados de la mano
Y en silencio te digo ""adiós"""
BALADA,Me dediqué a perderte Y me ausente en momentos Que se han ido para siempre Me dediqué a no verte Y me encerré en mi mundo Y no pudiste detenerme
REGAETTON,"Hija 'e Lucifer, por dentro te lo vo'a esconder 
Real G 4 Life tatuao' en mi piel 
Fumando puré, chingando con 100 kilos en el hotel 
Te la vo'a comer, este bicho te va a poseer"
REGAETTON,"Justo cuando creía
Que por comerme a do’ o diez, te olvidaría’ (Yeh)
Cogí un respiro y me salí de la vía
Y como un pendejo, no sabía lo que hacía
Nunca lo superé, nunca te superé (No; no)
Hasta me aprendí to’a la’ balada’ en inglé’ (Yeh)
Respiré y conté hasta tres (Uno, dos, tres)
Ere’ la fantasía oscura de Kanye West, bebé, ey
Hace tiempo lo barato me salió caro (Yih)
Yo sólo twitteo, bala’ loca’ disparo (Yih)
¿Cómo olvidar la bellaquera en el carro?
¿A que guió solo?"
REGAETTON,"Apenas somos dos desconocidos
Con miedo de enamorarse
Con miedo de que pase lo que pase
Vamos a pasar un buen rato
Si quieres después nos enamoramos
Vamos a pasar un buen rato
Paso a paso, que la cagamos"
REGAETTON,"Se acostó temprano, mañana hay que estudiar, eh. Pero llamó a la amiga diciendo pa' janguear (Jeje), eh. Tiene un culito ahí que le acabo de textear, eh. Pero en bajita, ella no es de frontear (Ey, ey)"
REGAETTON,"Pasito a pasito, suave suavecito (hey yeah, yeah)
Nos vamos pegando, poquito a poquito (oh no)
Que le enseñes a mi boca (uh oh, uh oh)
Tus lugares favoritos (favoritos, favoritos baby)"
REGAETTON,"Dime en la cama todo lo que quieres
Yo me meto contigo donde sea
No me importa la misión que me tiren
Quiero verte sudando como quiera"
REGAETTON,"Imagínate que tú conoce' lo que desconoce'. Yo me convierto en lobo después de las 12 . Si no tuviera mi loba pa' que la descoce, me voy con la manada pa' que me destroce"
BALADA,"Hay tanto que quiero contarte
Hay tanto que quiero saber de ti
Ya podemos empezar poco a poco
Cuéntame ¿Qué te trae por aquí?"
REGAETTON,"Baby, yo solo pienso en verno'
Prender pa' luego comerno'
Estamo' claro' que está mal
Pero qué rico cuando lo hacemo'
Y en tu nombre hoy prendí una seta
Llena de humo la camioneta
Me siento fuera del planeta"
REGAETTON,"Prende otro phillie, bebé, que ya mismo este se apaga (Ey, yo') Vamos para el cuarto polvo, ya esto es una saga (Jajaja) Dice que le gusta hacerlo con mis temas de trap (Oh, yeah) Y si te preguntan por qué pa'l sexo yo soy tu fav Diles que yo me sé tus pose' favoritas Que te hablo malo y que eso te excita Que te hago todo lo que necesitas pa' hacerte venir Y dile' que yo me sé tus pose' favorita' Que te hablo malo y que eso te excita Que te hago todo lo que necesita' pa' hacerte venir Dile que soy el baby (Uh), tu novio viste de Old Navy Yo sí tengo flow, él no tiene flow Yo a ti te martillo y te doy dembow (Jaja) Por la noche, cuando él se va Tú me llamas con la necesidad"
BALADA,"Pero ve
Que al engañarme te engañas tú mismo
Por tu altivez
Por esas cosas que tú haces conmigo
Quiero evitar que Dios te dé un castigo
Me iré
Pues así lo has querido"
BALADA,"Por eso esperaba con la carita empapada
A que llegaras con rosas, con mil rosas para mí
Porque ya sabes que me encantan esas cosas
Que no importa si es muy tonto, soy así"
BALADA,"Cuando me siento en tus brazos, se me olvida todo
Soy afortunado por tenerte a ti
Aquí, despertando a mi lado
Estoy en deuda porque llegaste a mi vida
Como si estuviese hecha justo a mi medida
Y yo no lo pedí, solito me llegó
Y vale el doble, sí, un regalo de Dios
Destinado para mí
Voy a ser el encargado de cuidarte siempre
Que nada te falte
Mi única misión será hacerte muy feliz
En las buenas y en las malas estaré contigo
Para lo que necesites
Pase lo que pase, voy a estar ahí
La recompensa para mí
Es mirar tu linda carita sonreír"
REGAETTON,"Pero que clase de rumba pa pa pa
La que yo cogí anoche que que que
No recuerdo lo que sucedió
Pero que clase de rumba pa pa pa
La que yo cogí anoche que que que
No recuerdo lo que sucedió
Pero que hora son, qué fue lo que paso
Por qué Farru tiene el carro aparcado en la habitación
Yo no recuerdo, solo se que amaneció
Y que tenia un tatuaje que decía ""Peace & Love""
Pero que confusión, creo que cometí un error
Y mezcle los tragos y una pastillitas de color
Que sentimiento creo que tenia un medicamento
De esos que te noquean duro contra el pavimento"
BALADA,"Si te he fallado te pido perdón
De la única forma que sé
Abriendo las puertas de mi corazón
Para cuando decidas volver.
Porque nunca habrá nadie que pueda llenar
El vacío que dejaste en mí
Has cambiado mi vida
Me has hecho crecer
Es que no soy el mismo de ayer
Un día es un siglo sin ti. "
REGAETTON,"Salió el sol
Cuerpo bronceado y sus amigas buscaban acción
La canción
Que causa en ellas y sus cuerpos esa sensación
Reggaetón
Piden reggaetón
Del de Don
Sientan la presión"
REGAETTON,"Apenas sale el Sol y tú te vas corriendo (corriendo)
Sé que pensarás que esto me está doliendo (doliendo)
Yo no estoy pensando en lo que estás haciendo (haciendo)
Si somos ajenos y así nos queremos (Rude Boyz)

Si conmigo te quedas (si conmigo te quedas)
O con otro tú te vas (o con otro tú te vas)
No me importa un carajo
Porque sé que volverás

Si conmigo te quedas
O con otro tú te vas
No me importa un carajo
Porque sé que volverás"
REGAETTON,"Es que tengo par de babie' explotándome el cel
Y yo pensando en ti, estoy a tu merced
Tú siempre está' mojá y yo que tengo sed
Ey, ey, ey
Yo sé que no ere' fan del romanticismo
Y que está' cansá de que esto' cabrone' te digan lo mismo
Moviendo el booty, no se va de ritmo
Punto die', en la cama va a haber un sismo
Quiero jalarte ese pelito rubio (rubio)
Y darte en cuatro el cuatro de julio
Mañana tengo examen, pero tú lo sabe'
Que si me llama', no estudio"
REGAETTON,"Ay yo no se si hasta mañana tu resistas
Uh tu perfume afrodisiaco me hipnotiza
Dejame arrancarte la camisa
Mientras yo te toco ahí
La lenguita por ahí, asii
Yo te lo hago así, tu encima de mi
Y tu gritando así, que te castigue así"
REGAETTON,"Ella prende las turbinas, no discrimina. No se pierde ni un party de marquesina. Se acicala hasta pa' la esquina. Luce tan bien que hasta la sombra le combina. Asesina, me domina. Janguea en carros, motoras y limosinas. Llena su tanque de adrenalina. Cuando escucha reguetón en las bocinas "
BALADA,"Yo he sufrido tanto por tu ausencia
Desde ese día hasta hoy, no soy feliz
Y aunque tengo tranquila mi conciencia
Sé que pude haber yo hecho más por ti
Obscura soledad estoy viviendo
La misma soledad de tu sepulcro
Tú eres el amor del cual yo tengo
El más triste recuerdo de Acapulco"
BALADA,"Mientes
Me haces daño y luego te arrepientes
Ya no tiene caso que lo intentes
No me quedan ganas de sentir
Llegas
Cuando estoy a punto de olvidarte
Busca tu camino en otra parte
Mientras busco el tiempo que perdí
Que hoy estoy mejor sin ti
Y hoy estoy mejor sin ti
Oh-uh-oh-oh"
BALADA,"Todos quieren que me aleje de él, Que es de lo peor y no me quiere bien. Dicen que me envuelve el cerebro. Con el fin de enredarse en mi cuerpo. Debo confesar que cuando él me besa. El mundo da vueltas dentro de mi cabeza. Cierro los ojos y siento su aliento. Mi sangre quema cualquier pensamiento. Y le creo, le creo, le creo. Le creo cuando dice: ""te quiero"". Le creo que su amor será eterno. Le creo que es el hombre más bueno. Le creo que la luna es de queso y si él me diera otro beso. ¿Qué más da si me miente?, yo, ¡le creo!. Con los ojos cerrados, iré tras de él. Con los ojos cerrados, siempre lo amaré. Con los ojos cerrados, yo confío en él. Con los ojos cerrados, yo le quiero creer"
BALADA,"Y procuro saber qué te esperas de mí Lo que pidas te doy para hacerte feliz Pero yo no puedo vivir separado de ti Eres tú la ideal, somos tal para cual Yo te necesito como el aire que respiro Como huella en
el camino, como arena al coral Te necesito Como el cielo a las estrellas y el invierno al frío"
REGAETTON,"Mami, te siento lejo', dime dónde estás Te quiero chingar, te voy a raptar Déjate llevar y apaga el celular Que si estás conmigo no te va a pasar na' Solo déjate llevar 'Tate atenta a la fuga Si yo quiero contigo y tú quiere' conmigo Dime si se da"
REGAETTON,"Modélame así, dame ahora tu mejor
Pose, pose, pose
Pose, pose, pose
Vívetelo así, dame ahora tu mejor
Pose, pose, pose
Pose, pose, pose"
BALADA,"Y voy a bordar tu sueño en la almohada
Llenar poco a poco el silencio con tu abecedario
Y cuando me callé por dentro, tenerte a mi lado
Hasta que me olvides tanto que
No exista mañana ni después"
REGAETTON,"Esto es para ustedes, pa' que se lo gocen
Tego Calderón, pa' que retocen
Huelo a nuevo, me siento al día en la mía, mami
Yo ando bien perfumao' y la paca, por si no fía
Sin misterio, llénense de placer 
Que se acabe el mundo, yo no vine pa perder 
Apaguen los celulares, repórtense a sus hogares 
Hoy que sí que sí que vamo a hacer maldades"
BALADA,"La espera me agotó
No se nada de vos
Dejaste tanto en mí
En llamas me acosté
Y en un lento degradé
Supe que te perdí
¿Qué otra cosa puedo hacer?
Si no olvido, moriré
Y otro crimen quedará
Otro crimen quedará
Sin resolver"
BALADA,"Él me mintió Él me dijo que me amaba Y no era verdad, él me mintió No me amaba, nunca me amó Él dejó que lo adorara Él me mintió, él me mintió Era un juego y nada más Era solo un juego cruel de su vanidad Él me mintió Con el corazón destrozado Y el rostro mojado Soy tan desdichada, quisiera morirme Mentiras, todo era mentira Palabras al viento Tan solo un capricho que el niño tenía"
BALADA,"Siempre serás la niña que me llene el alma. Como mar inquieto, como mar en calma. Siempre tan lejana como el horizonte. Gritando en el silencio tu nombre en mis labios"
REGAETTON,"Hello, deja el show
Súbete la minifalda hasta la espalda
Súbetela, deja el show, má' alta
Que ahora vamos a bailar por to'a la jalda
Mera, nena, ¿quiere' un sipi?
No importa si eres rapera o eres hippie
Si eres de Bayamón o de Guaynabo City"
BALADA,"No te contaron mal, sí estuve con alguien más
¿Qué te hace daño si no fue en tu año?
¿Qué tienes que opinar?
Si no fueron muchas, solo fue con una
Si andaba borracho era culpa tuya
Y al final de cuentas, una no es ninguna
Y una no es ninguna, mi reina
Christian Nodal
No te contaron mal, no te voy a negar
Sí nos besamos, nos entregamos
Pero hasta ahí nomás
Fueron unos cuantos besos, dos o tres caricias
Me ganó el deseo de que fuera mía
Hubo coqueteo, ¿Y pues yo qué hacía?"
REGAETTON,"Darte como una perra, como una cualquiera
Jalarte por el pelo, agarrarte por el suelo
Usarte como escoba, aúlla como loba."
REGAETTON,"Baby, la vida e' un ciclo (Wuh)
Y lo que no sirve yo no lo reciclo (No)
Así que de mi vida muévete
Que si te lo meto e' pa' recordar un T.B.T., yeh (Yeh)
Ya yo me cansé de tus mentira'
Ahora hay una más dura que me tira (Yeh)
Todo tiene su final, todo expira (Yeh)
Tú ere' pasado y el pasado nunca vira
Arranca pal' carajo (¡Wuh!), mi cuerpo no te necesita (No)
Lo que pide e' un perreo sucio en La Placita
No creo que lo nuestro se repita
Dale, prende un Phillie, deja uno ready pa' ahorita, yeh (¡Brr!)"
REGAETTON,"Y solo mírame con esos ojito' lindo' Que con eso yo estoy bien Hoy he vuelto a nacer Hacе tiempo que no agarro a nadie de la mano Hace tiempo que no envío: ""buenos días, te amo"""
BALADA,"Tú más que nadie sabe
Cómo yo soy contigo
No importa mi estilo de vida
Tú me quieres así
Dile que tú me quieres
Que no le haga caso a lo que le digan
Nos vivimos enamorando día a día
"
REGAETTON,"Tú no ere' una santa, ni yo soy un santo
Nos conocimo' pecando
Ahora me está' buscando
Porque quiere más de mí (¡Bad!)
Y yo te lo doy (¡Bunny!)
Te viene' y me voy (DY)"
BALADA,"No fue mucho tiempo y eso lo acepto
Pero creía lo que sentía
No respondías y me moría
Tú me tenías y lo sabías
Yo no soy aquel que te dio rosas
Pero te di mi corazón, y es más valiosa
La forma en que te trataba y lo superé"
BALADA,"Tú, con la Luna en la cabeza
El lugar en donde empieza
El motivo y la ilusión de mi existir
Tan solo tú, solamente quiero que seas tú
Mi locura, mi tranquilidad y mi delirio, mi compás y mi camino
Solo tú, solamente quiero que seas tú
Yo pongo en tus manos mi destino porque vivo
Para estar siempre (ah), siempre, siempre, siempre
Contigo, amor"
REGAETTON,"Eres mi droga, eres mi vicio, eres mi sombra
Tantas cosas me provocas, cuando hacemos el amor
Eres peligro, eres un mal, eres veneno, amante, pasión de
fuego, que consume mi interior
Mis venas ya, las tengo que inyectar
De ti yo necesito más"
REGAETTON,"Estate quieto, veterano, ya yo estoy claro
Y to' tus males yo sano
Pues claro, jaja, después de to' sacaron un paro
Su propia tumba cavaron
Dime como te gusta, perderán como quiera
Soy el mejor en la ruñidera
El Abayarde los tiene botando sangre"
REGAETTON,"Soy mucho para tan poco hombre
De tu boca saca mi nombre
No me interesa con quién, ni dónde
Si la rata siempre se esconde
En los audio' que me manda
Diciéndome que me quiere'
Súbelos a su Spotify
Pa' que los escuchen las otras mujere'
Que por hombres como tú tan perro'
Ya no hay mujere' fieles"
REGAETTON,"Capicu, llego el frontu. No trates de apagarme. Porque te apagas tú. W, apagale la luz. Mami, acelera duro ese cucu. Tiene veinte enemigas. Dos amigas. Pantalla en la barriga. Tatuaje en la vejiga. En el culipandeo ella mata la liga. Siga"
BALADA,"Perdóname por ver colores en un cielo gris. Por convencerme que a tu lado iba a ser feliz. Perdóname por entregarme a ti. Te imaginé sincero cuando no era así. Y si tenías ojos eran para mí. Discúlpame pero que tonta fui. Te idealicé a mi lado en mis noches y días. Y me aferré a la idea que tu eras el amor de mi vida. Hoy te pido perdón, perdón, perdón. Por haberte confiando sin dudar mi corazón. Entregar mi alma a tus brazos. Por confiar mi cuerpo en tus manos. Perdón, perdón, perdón. Por crearme esta falsa historia de amor. Y te pido perdón. Por haber esperado demasiado. De un perdedor. Me dabas las señales pero no las veía. Creía que un día de pronto tu cambiarías. No puede ser que estúpida me vi"
BALADA,"No sé tú
Pero yo no dejo de pensar
Ni un minuto me logro despojar
De tus besos, tus abrazos
De lo bien que la pasamos la otra vez

No sé tú
Pero yo quisiera repetir
El cansancio que me hiciste sentir
Con la noche que me diste
Y el momento que con besos construiste

No sé tú
Pero yo te he comenzado a extrañar
En mi almohada, no te dejo de pensar
Con las gentes, mis amigos
En las calles, sin testigos"
REGAETTON,"No somos más que látex y fricción
No somos más que un polvo por venganza
Aunque el tiempo tenga la razón
Yo a una demonia le di mi confianza
Entre muchos folló y folló (con el mismo maniático)"
BALADA,"Toda la vida
Coleccionado mil amores
Haciendo juegos malabares
Para no amarte en exclusiva
Toda la vida
Poniendo trampas al orgullo
Tantas historias como estrellas
Para no ser esclavo tuyo
Para obtener mi propia música"
REGAETTON,"Ante' tú me pichaba' (tú me pichaba')
Ahora yo picheo (mmh, nah)
Antes tú no quería' (no quería')
Ahora yo no quiero (mmh, no)
Ante' tú me pichaba'
Ahora yo picheo (ja, ja)
Antes tú no quería' (ey)
Ahora yo no quiero, no, tranqui
Yo perreo sola (hmm, ey)
Yo perreo sola (perreo sola, ja, ja, mmh-mmh)
Yo perreo sola (ja, ja, mmh, ey)
Yo perreo sola (perreo sola)
Okay, okay, ey, ey, ey"
BALADA,"Tú y yo durmiendo con los enemigos
Dos seres que jamás hemos querido
Los dos saciando un bendito capricho
Donde somos masoquistas por volver a nuestros nidos

Desnúdate al paso, mi reina, y solo ámame
Que el secreto permanezca en un cuarto de hotel
Te aseguro que esos tontos no van a entender
Que, si les somos infieles, es por un gran querer"
REGAETTON,"Amarra tu polola, que, si la veo suelta
Se la va a llevar la ola
Te metemo' con la .40, yo soy el controla
Pica'o a choro, pero siempre piola"
BALADA,"No sé qué tienen tus ojos, tus labios, tu piel Que nunca se acaba esta Luna de miel Somos la copa y el vino Tú y yo vamos juntos desde que nos vimos Subimos, bajamos, lloramos, reímos Y es que, contigo, mi amor, todo me sabe mejor"
REGAETTON,"Si pregunta que por qué me he marchado sin adiós
Dile que ella sabe cuál es la razón
Mm-mmh, y que ponga atención cuando le lata el corazón
Cuando lata el corazón"
BALADA,"Me puedes ver
En mis pupilas no se puede esconder
La soledad que han ido recogiendo
A tu mirada no le puedo mentir
Fui una mujer
Que caminaba entre la vida y la muerte
En el amor yo nunca tuve suerte
Antes de ti, agoté todas mis lágrimas "
REGAETTON,"No te me ababache', mija, vamo' a darle lija a tu botija
Que llego el que las bocinas castiga
El dueño de este mazacote, a fuegote (Que)
Que lo que traigo es chulería en pote"
BALADA,"Tan enamorados, que así nos da las horas la vida. Viviendo este sueño que no tiene fin. Tan enamorados, besándonos a cada momento. Sin importar lo que diga la gente."
BALADA,"Como buscan las olas la orilla del mar
Como busca un marino su puerto y su hogar
Yo he buscado en mi alma queriéndote hallar
Y tan solo encontré mi soledad


Y a pesar que estás lejos, tan lejos de mí
A pesar de otros besos
Quizás, Gwendolyne, aún recuerdes el tiempo
De aquel nuestro amor
Aún te acuerdes de mí"
BALADA,"El hombre que yo amo tiene algo de niño. La sonrisa ancha, tierna la mirada. Tiene la palabra de mil hombres juntos. Y es mi loco amante, sabio, inteligente. El hombre que yo amo no le teme a nada. Pero cuando ama, lo estremece todo. Guerrero incansable en busca de aventuras.Tiene manos fuertes, cálidas y puras. El hombre que yo amo sabe que lo amo. Me toma en sus brazos y lo olvido todo. Él es mi motivo, es mi propio sol. Él me da alegrías que nadie me dio. El hombre que yo amo sabe que lo amo. Él vuela siempre lejos, pero vuelve al nido. El hombre que yo amo sabe que lo amo. Yo lo quiero loco, pero loco mío"
REGAETTON,"La bebecita bebe lean y bebe whisky
Fuma marihuana y también se mete picky
Senda bellacona, frikitona, friky, friky
Es media salvaje, ella es adicta a mi dicky
Le mete al lean, le mete al whisky"
BALADA,"Intentas hacerlo todo para que yo vuelva. Las cosas no son iguales, ¿para qué insistir? Evita molestias y tu tiempo no pierdas. Conmigo no encuentras nada. A escondidas vives chequeando las fotos. Investigando mi perfil. No lo niegues, bien te conozco"
BALADA,"El vino es mejor en tu boca
""Te amo"" es más tierno en tu voz
La noche en tu cuerpo es más corta
Estoy enfermando de amor
Quisiera caminar tu pelo
Quisiera ser noche en tu piel
Pensar que fue todo un sueño
Después descubrirte otra vez
Y amarte como yo lo haría
Como un hombre a una mujer
Tenerte como cosa mía
Y no podérmelo creer"
REGAETTON,"Deja de mentirte
La foto que subiste con él, diciendo que era tu Cielo
Bebé, yo te conozco tan bien, sé que fue pa' darme celos
No te diré quién, pero, llorando por mí, te vieron
Por mí, te vieron"
REGAETTON,"Voy a continuar copiando
Tu cuerpo sobre la pared
Y voy a colgar tu pecho
La noche y el amanecer"
BALADA,"No tengo ya derecho a reprocharte nada
Pues nada queda ya de ti, de mí, de ayer
Qué pena, nuestra historia pudo ser fantástica
Y ahora dime mi amor
¿Quién te va a defender?"
REGAETTON,A mí me escuchan las abuelas y sus nietecitos maleantes Tiradores y estudiantes Doctores y gánsters Natural y con implante Los adultos y los infantes En Barcelona y Alicante En Santurce y Almirante
BALADA,"Perdido por el mundo Desordenado si no estás Cómo mueves tú mi felicidad Y todo lo que está de más Tus ojos me llevan lentamente al Sol Y tu boca me habla del amor y el corazón Tu piel tiene el color
de un rojo atardecer"
BALADA,"Tengo en esta historia algo que confesar
Ya entendí muy bien qué fue lo que pasó
Y aunque duela tanto tengo que aceptar
Que tú no eres la mala, que el malo soy yo
No me conociste nunca de verdad
Ya se fue la magia que te enamoró
Y es que no quisiera estar en tu lugar
Porque tu error solo fue conocerme"
BALADA,"Amiga, ¿no será que has descuidado La forma de buscarlo en el amor? Quizás la casa, la rutina Se ha convertido en tu enemiga. Y está cobrando un alto precio por tu error"
BALADA,"Fuiste tú
Tenerte fue una foto tuya puesta en mi cartera
Un beso y verte hacer pequeño por la carretera
Lo tuyo fue la intermitencia y la melancolía
Lo mío fue aceptarlo todo porque te quería
Verte llegar fue luz, verte partir un blues"
BALADA,"Ya lo pasado pasado
No me interesa
Si amé, sufrí y lloré
Todo quedó en el ayer
Ya olvidé (Ya olvidé)
Ya olvidé (Ya olvidé)
Ya olvidé (Ya olvidé)
Tengo en la vida por quien vivir
Amo y me aman
Ya nunca más estaré
Solo y triste, otra vez
Es el ayer (Ya olvidé)
Ya olvidé (Ya olvidé)
Pido un aplauso para el amor
Que a mí ha llegado
Mil gracias por tanto y tanto amor"
BALADA,Siempre me traiciona la razón Y me domina el corazón No sé luchar contra el amor Siempre me voy a enamorar De quien de mí no se enamora Y es por eso que mi alma llora ¡Y ya no puedo más! ¡Ya no puedo más! Siempre se repite esta misma historia ¡Ya no puedo más! ¡Ya no puedo más! Estoy harto de rodar como una noria
BALADA,"Te conocí un día de enero
Con la Luna en mi nariz
Y como vi que eras sincero
En tus ojos, me perdí
Qué torpe distracción
Y qué dulce sensación

Y ahora que andamos por el mundo
Como Eneas y Benitín
Ya te encontré varios rasguños
Que te hicieron por ahí
Pero mi loco amor
Es tu mejor doctor"
REGAETTON,"Ya mismo me hago bi sin dejar de ser hetero
Ya mismo vo'a tener un hijo, un heredero
Vo'a extrañar la calle, la disco y el putero
Pero yo voy a seguir hasta que me caiga 'el caballo y se me pierda el sombrero, je"
BALADA,"Chiquitita, sabes muy bien
Que las penas vienen y van y desaparecen
Otra vez vas a bailar y serás feliz
Como flores que florecen
Chiquitita, no hay que llorar
Las estrellas brillan por ti allá en lo alto
Quiero verte sonreír para compartir
Tu alegría, chiquitita"
REGAETTON,"Y tú que decías que no Podría vivir sin ti Y buscas cualquier razón Pa' andar hablando de mí Ay, amor Qué ganas de joderme el corazón Te lo agradezco Hiciste lo que más me convenía Tu amor fue de mentira y este honesto Y al final, ni te lo merecías"
REGAETTON,"Mami, me tiene' juquea'o, sí
Si fuera' la Uru', me tuviese' parquea'o
Dando vuelta' por Condado, contigo siempre arrebata'o
Tú no ere' mi señora, pero
Toma cinco mil, gástalo en Sephora
Louis Vuitton, ya no compra en Pandora
Como piercing, a los hombre' perfora, eh-eh-eh"
REGAETTON,Dale pa' alante y pa' tras y súbete en el palo
REGAETTON,"Me vuelve loco tu pelo, tu boca, tu piel, tu cintura
Dura, dura, eh-eh-eh
Me vuelve loco tu pelo, tu boca, tu piel, tu cintura
Dura, dura, eh-eh-eh (préndelo)"
REGAETTON,"Puede que no te haga falta na', aparentemente na'
Hawái de vacaciones, mis felicitaciones
Muy lindo en Instagram lo que posteas
Pa' que yo vea cómo te va, pa' que yo vea
Puede que no te haga falta na', aparentemente na'
Hawái de vacaciones, mis felicitaciones
Muy lindo en Instagram lo que posteas
Pa' que yo vea cómo te va de bien, pero te haces mal
Porque el amor no se compra con na'"
BALADA,"Amada amante, la más hermosa y pura. De todas las cosas que tengo en la vida. Tú eres mi sueño constante que dura. Y que no se terminará jamás."
REGAETTON,"Y yo no iba a salir, lo prometo, ni quería
Casi que me obligaron, así que la culpa no es mía
Pudo haber sido otra, pero solo estabas tú ese día
Y no pensé que te ilusionarías, pero, ma, sorry, perdón
Soy un perro, siempre ando de cacería
Y de lo único que me acuerdo es que te llamabas Lucía o María
Bueno, ni lo sé, ni lo sabía
Tenía razón tu amiga cuando decía"
REGAETTON,"Es que, si me llamas, le llego volando
Sisa, otra noche más que tú te quedas sin camisa
En una cama, en una islita en Ibiza
O donde sea lo hacemos, no hay prisa
Parece que no te quieren tanto
Por eso me estás llamando
Vi tus fotos por París, no te ves tan feliz
No estés aparentando, yeah"
BALADA,"Así que corre, corre, corre, corazón
De los dos tú siempre fuiste el más veloz
Toma todo lo que quieras pero vete ya
Que mis lágrimas jamás te voy a dar
Así que corre como siempre, no mires atrás
Lo has hecho ya y, la verdad, me da igual"
BALADA,"Tú eres la tristeza, ay, de mis ojos
Que lloran en silencio por tu amor
Me miro en el espejo y veo en mi rostro
El tiempo que he sufrido por tu adiós
Obligo a que te olvide el pensamiento
Pues siempre estoy pensando en el ayer
Prefiero estar dormida que despierta
De tanto que me duele que no estés"
BALADA,"Espera
Aún la nave del olvido no ha partido
No condenemos al naufragio lo vivido
Por nuestro ayer, por nuestro amor, yo te lo pido
Espera
Aún me quedan en las manos primaveras
Para colmarte de caricias, todas nuevas
Que morirían en mis manos si te fueras
Espera un poco, un poquito más
Para llevarte mi felicidad
Espera un poco, un poquito más
Me moriría si te vas"
BALADA,"No puedo verte triste porque me mata
Tu carita de pena, mi dulce amor
Me duele tanto el llanto que tú derramas
Que se llena de angustia mi corazón
Yo sufro lo indecible si tú entristeces
No quiero que la duda te haga llorar
Hemos jurado amarnos hasta la muerte
Y si los muertos aman
Después de muertos amarnos más
Si yo muero primero, es tu promesa
Sobre de mi cadáver dejar caer
Todo el llanto que brote de tu tristeza
Y que todos se enteren de tu querer"
REGAETTON,"Te hice mía, mía, mía, sólo mía cada noche, cada día. El destino ya sabía que te tendría aquí frente a frente. Bésame y me pongo demente. No sabe' qué rico se siente. El destino nos unió."
BALADA,"Por el camino verde, camino verde
Que va a la ermita desde que tu te fuiste
Lloran de pena las margaritas

La fuente se ha secado
Las azucenas están marchitas
Por el camino verde, camino verde
Que va la ermita"
BALADA,"Y llegó de repente, así, sin avisar. Y nos cambió la vida, nos hizo suspirar. Maldita primavera, ¿qué nos has hecho? Que nos dejas vacíos el alma y el pecho."
REGAETTON,"Ey, Tití me preguntó
Si tengo muchas novia'
Muchas novia'
Hoy tengo a una, mañana otra
Ey, pero no hay boda
Tití me preguntó
Si tengo muchas novia'
Je, muchas novia'
Hoy tengo a una, mañana otra"
REGAETTON,"Baby, no
Me rehúso a darte un último beso
Así que guárdalo
Para que, en la próxima vez, te lo dé haciéndolo
Haciéndotelo así, así, así
Así como te gusta, baby"
BALADA,"Ya lo ves
La vida es así
Tú te vas
Y yo me quedo aquí
Lloverá
Y ya no seré tuya
Seré la gata
Bajo la lluvia
Y maullaré por ti"
BALADA,"Te extraño más que nunca y no sé qué hacer
Despierto y te recuerdo al amanecer
Espera otro día por vivir sin ti
El espejo no miente, me veo tan diferente"
BALADA,"Te voy a escribir la canción más bonita del mundo
Voy a capturar nuestra historia en tan solo un segundo
Y un día verás que este loco de poco se olvida"
REGAETTON,"Qué falta de respeto, mami ¿Cómo te atreve' a venir sin panty? Hoy saliste puesta pa' mí Yo que pensaba que venía a dormir, no Vino ready ya, puesta pa' una cepillá' Me chupa la lollipop, solita se arrodilla, hey ¿Cómo te atreve', mami, a venir sin panty? Real G, orientando la' generacione' nueva', con la verdadera Bellaqueo a lo galactic Sí, pa' que se te mojen los panty Métele bellaco a lo versátil Má' puta que Betty Boop La que se puso bellaca, mami, fuiste tú Sigo matando con la U Chocha con bicho, bicho con nalga (Empuja) Cho-Chocha con bicho, bicho con nalga, sí (Empuja) Chocha con bicho, bicho con nalga (Empuja) Te-Teta' rozando mis tetilla' (Empuja) Este año no quiero putilla' (Empuja) Te ven con mucha' prenda' y te quieren pegar (Empuja) Te ven bien activa'o y te quieren pegar (Empuja) Porque está' bien buena, porque está' bien buena (Empújamelo completo) Teta' bien grande' como Lourdes Chacón Las nalga' bien grande' como Iris Chacón La chocha no sé porque no la he visto Pero vamo' pa' la cama a clavarte en panty"
REGAETTON,"Baby, ¿qué más?
Hace rato que no sé na' de ti
'Taba con alguien, pero ya estoy free
Puesta pa' revivir viejos tiempo', no salgo hace tiempo
Tú dime dónde está', ah-ah-ah
Que hace rato que no sé na' de ti (Na' de ti)
'Taba con alguien, pero ya estoy free
Puesta pa' revivir viejos tiempo', no salgo hace tiempo (Shh)"
BALADA,"Si tú supieras cuánto estoy sufriendo
Porque sé bien que no soy tu dueño
Este dolor me está consumiendo
Quisiera amarte sin límite de tiempo
Como quisiera que esto fuera un sueño
Y estar contigo a cada momento
Pero es muy triste porque ya tienes dueño"
REGAETTON,"Si te invito a una copa y me acerco a tu boca
Si te robo un besito, a ver, ¿te enojas conmigo?
¿Qué dirías si esta noche te seduzco en mi coche?
Que se empañen los vidrios y la regla es que goces
Si te falto el respeto y luego culpo al alcohol"
BALADA,"Quítame esa idea de serle fiel. Quítame el deseo de estar con él. Déjame en la mente. Ganas de volver a verte. Quítame ese hombre del corazón. Quita de mi cuerpo su sensación. Anda quítalo tú, anda quítalo tú. Borra con tus labios lo que él besó. Llega donde nadie jamás llegó. Anda inténtalo tú, anda inténtalo tú. Quítame la venda que me cegó. Quítame de golpe esta obsesión"
REGAETTON,"Miento Si te digo que en ti no ando pensando Quisiera saber lo que estás haciendo Te llamo, pero me sale ocupado, uoh Tú me robaste el corazón como un criminal Bebé, yo no puedo negarlo Esto que siento por ti no puede ser legal, ah Criminal, cri-criminal Tu estilo, tu flow, baby, muy criminal Criminal Uh, criminal, ah (criminal, ah)"
BALADA,"Te envío poemas de mi puño y letra
Te envío canciones de 4.40
Te envío las fotos cenando en Marbella
Y cuando estuvimos por Venezuela
Y así me recuerdes y tengas presente
Que mi corazón está colgando en tus manos
Cuidado, cuidado
Que mi corazón está colgando en tus manos"
BALADA,"Espera, aún me quedan en mis manos primaveras para colmarte de caricias todas nuevas que morirían en mis manos si te fueras. Espera un poco, un poquito más para llevarte mi felicidad. Espera un poco, un poquito más, me moriría si te vas"
REGAETTON,"Que tengo la polla en candela
y quiero comerte ese culo
Ando loco por su culo
bien bellaco con su culo
hasta abajo con su culo
me vuelvo loco con su culo"
BALADA,"Quiero ser tu canción desde el principio al fin
Quiero rozarme en tus labios y ser tu carmín
Ser el jabón que te suaviza, el baño que te baña
La toalla que deslizas por tu piel mojada"
REGAETTON,"Tú no metes cabra, saramambiche (Yeh)
Tú no metes cabra, saramambiche (¡Wouh!)
Tú no metes cabra, saramambiche (No!)
Tú no metes cabra, saramambiche (¡Rrr!)
Tú no metes cabra, saramambiche (Yeh)
Tú no metes cabra, saramambiche (¡Plo-plo!)
Tú no metes cabra, saramambiche (Chiqui)
Y si te me esbocas, nos vamos al switche (¡Plo!)"
BALADA,"El amor de mi vida has sido tú
El amor de mi vida sigues siendo tú
Por lo que más quieras, no me arranques de ti
De rodillas, te ruego, no me dejes así
Por más que pienso, no puedo entender
Por qué motivo te pude perder
Por qué de pronto me siento perdido
En la espalda de tu olvido, tu silencio y tu desdén"
REGAETTON,"No quiero que más nadie me hable de amor
Ya me cansé, to' esos trucos ya me los sé
Esos dolores los pasé, yeh, yeh, yeh
No quiero que más nadie me hable de amor
Ya me cansé, to' esos trucos ya me los sé
Esos dolores los pasé, yeh, yeh, yeh"
BALADA,"¿Cómo te va, mi amor?
¿Cómo te va?
Era en silencio la pregunta entre tú y yo
¿Eres feliz, mi bien?
Sin engañar
Porque a mi puerta el amor nunca volvió"
REGAETTON,"Baby, ya yo me enteré, se nota cuando me ve'
Ahí donde no has llegao' sabes que yo te llevaré
Y dime qué quieres beber, es que tú eres mi bebé
¿Y de nosotros quién va a hablar? Si no nos dejamos ver
Y a veces es Dolce, a veces Bulgari

"
BALADA,"Hoy se cumple un mes que ya no me ves
Te fuiste nada más, quisiste renunciar a quererme
Y cómo dueles
Mientras pienso en ti y en lo que perdí
Quisiera evitar haberme permitido amarte
Para perderte
Y me dueles, cómo dueles"
REGAETTON,"Que el padre me los proteja y que el hijo los bendiga
Aquí se hace lo que yo diga
Tú ere' bueno, pero esto es otra liga
Quítate, no siga', yeh
Me roncan y salen palomi' (yeh)
Flow bacanísimo el de bori' con domi'
Ya to' esos culo' yo me los comí
Y el de tu doña sin condón y (woh)"
REGAETTON,"Me gusta como lo hace y se menea
Con ese par poom, poom, y sus caderas
Mami, quién es ese guay, que me muevea?
A la izquierda, derecha, donde sea
Yo me quedo contigo para que me vean
Que eres tu mi gyal y yo soy tu man
Esta noche te quiero secuestrar
Y llevarte por alla para luego culiar"
BALADA,"Hoy, que tú estás conmigo. Yo no sé si está pasando el tiempo o tú lo has detenido. Así quiero estar por siempre. Aprovecho que estás tú conmigo. Te doy gracias por cada momento de mi vivir."
REGAETTON,"Ey, papi, no me llames, que yo estoy ocupada olvidándome de ti. Ya boté el celular, ya no quiero saber na' de tu historial."
REGAETTON,"Ey, tú no eres bebecita, tú eres bebezota. Te fuiste con otra, pero te ves sola. Y yo sé que tú me quieres ver de nuevo."
BALADA,Te escribo para pedirte que no me olvides. Que los días se hacen eternos cuando te vas. Que no intento darte más de lo que pides. Y que la casa siente tu ausencia si tú no estás.
REGAETTON,"Si necesita' reggaetón, dale (Eh, eh)
Sigue bailando, mami, no pare' (Oh, oh)
Acércate a mi pantalón, dale (Eh, eh)
Vamo' a pegarno' como animale' (Oh, oh)
Si necesita' reggaetón, dale (Dale, dale)
Sigue bailando, mami, no pare' (Pare', pare')
Acércate a mi pantalón, dale (Dale, dale)
Vamo' a pegarno' como animale' (Animale')"
BALADA,"Nunca supe del amor Hasta que te conocí Bellos ojos,bellos ojos Todos me suelen decir Lo linda que eres tú Bellos ojos, sí bellos ojos Desde mi ventana Te miro pasar Mi corazón tiembla"
BALADA,Porqué cada vez que te miro te pones nerviosa porqué cada vez que te encuentro cambias tu mirada será que temes reflejarme con una mirada que al igual que yo estás enamorada.
REGAETTON,Mirada fría como la nieve. Me congela hasta no dar má'. Si me toca hace que me eleve. Hasta ni ver to'a la ciudad. Compraría lo que ella quiere. Con tal que venga para acá. Estaríamos como se debe. Relaja'os sin un problema. Seguro tiene mil pretendientes. Pero ni uno valiente. Para hacerle ternura. Sin miedo a qué diga la gente. Yo sé bien lo que siente. Sé muy bien lo que siente. Que to' somos iguales. Con los mismo' errores de siempre
REGAETTON,"Lo' maliantes quieren krippy, krippy, krippy, krippy, krippy
To'a las babys quieren kush, kush, kush, kush, kush
Lo' gansters quieren krippy, krippy, krippy, krippy, krippy
To'a las babys quieren kush, kush, kush, kush, kush"
BALADA,"El amor
es un espacio donde no hay lugar
para otra cosa que no sea amar
es algo entre tú y yo

El amor es llorar
cuando nos dice adiós
el amor es soñar
oyendo una canción"
REGAETTON,"Salió a la disco a bailar una diva virtual
Chequea cómo se menea
Uuuhh
Chequea cómo se menea
Uuuhh
Chequea cómo se menea
Tiene algo de robot en su táctica
Me agotó la batería su técnica"
BALADA,"Ya no importa cada noche que esperé
Cada calle o laberinto que crucé
Porque el cielo ha conspirado a mi favor
Y a un segundo de rendirme te encontré
Piel con piel
El corazón se me desarma
Me haces bien
Enciendes luces en mi alma"
REGAETTON,"Y que los tragos, hicieron estrago en su cabeza
Ella con cualquiera no se besa
Quiero que sepa que me interesa
Y no hay un día que no pare de pensar en su belleza"
BALADA,Contigo aprendí que existen nuevas y mejores emociones. Contigo aprendí a conocer un mundo nuevo de ilusión. Aprendí que la semana tiene más de siete días. A hacer mayores cosas y a ser más feliz.
REGAETTON,"Me encontré una prepago, sе llama María Del Mar
Como no me gustó tanto, solo la puse a mamar (Jaja)
En la cara me le vine, le dije: ""Te vo'a sellar""
Cuando se trata de putas, yo soy el más haragán (Ay)"
REGAETTON,"Tú estás pa' mí y yo estoy pa' ti, mai. No me digas que no, si nos vemos hoy en el parking del mall."
REGAETTON,"Ya mismo me hago bi sin dejar de ser hetero
Ya mismo vo'a tener un hijo, un heredero
Vo'a extrañar la calle, la disco y el putero
Pero yo voy a seguir hasta que me caiga 'el caballo y se me pierda el sombrero, je"
REGAETTON,"Si viene la amiga
Voy con la amiga y to'
Chiquita y tú la ves que se lo come to'
A ese culito ya yo lo tengo flo'
Y si pregunta quien come no digas que soy yo"
BALADA,"Lo que daría por verte feliz
No es fácil renunciar a nuestro mundo
Pobre corazón herido
Lo que daría por verte feliz
Aunque tenga que dejarte ir, amor mío
Hicimos el intento"
BALADA,"Es preciso decir que no
Cuando se tiene el alma herida
Porque el amor de los dos
El que una vez fue el mejor hoy me lastima
Es preciso decir que no
Cuando no existe otra salida
Para evitar el dolor
Para evitar el rencor del amor que hoy termina"
REGAETTON,"Sí, sí, cuando te sientas solita, yo voy a estar ahí. Recuerda que lo tuyo y lo mío, baby, es pa' siempre. Te subo al cielo, mami, yo te hago sentir. Cosas que no dices, pero pasan por tu mente. Avisa cuando te sube la bellacri. Que yo paso, ma, por ahí pa' verte."
BALADA,"Me siento tan rara, las noches de juerga se vuelven amargas
Me río sin ganas con una sonrisa pintada en la cara
Soy sólo un actor que olvidó su guión, al fin y al cabo son solo palabras
Que no dicen nada"
REGAETTON,"Dile por fin la verdad, aunque le duela escuchar
Que en realidad, tú estás con alguien más
Yo estuve en ese lugar y me la hicieron igual
No esperes que sepa por alguien más
Dile que no es una aventura de aquellas"
BALADA,"Como una promesa, eres tú, eres tú
Como una mañana de verano
Como una sonrisa, eres tú, eres tú
Así, así, eres tú
Toda mi esperanza, eres tú, eres tú
Como lluvia fresca en mis manos
Como fuerte brisa, eres tú, eres tú
Así, así, eres tú"
REGAETTON,"¿Qué hace' tan triste y solita?
Recuerdo, feliz, tu carita
Me busca si me necesita
Conmigo, te puede' desahogar"
BALADA,"Ya lo ves
La vida es así
Tú te vas
Y yo me quedo aquí
Lloverá
Y ya no seré tuya
Seré la gata
Bajo la lluvia
Y maullaré por ti"
BALADA,"Si estoy llorando
No es que te extrañe el corazón
Es que a tu lado aprendí el dolor
No podrás olvidar que te amé
Como yo nunca imaginé
Estaré en tu piel
Cada momento en donde estés
Siempre habrá un lugar
Algún recuerdo que será
Un eterno suspirar"
BALADA,"Miro tus ojos y no eres feliz
Y tu mirada no sabe mentir
No tiene caso continuar así
Si no me amas es mejor partir
Desde hace tiempo ya nada es igual
No eres la misma y me tratas mal
Y ante mi Dios te podría jurar
Cuánto te quise y te quiero todavía
Adiós amor
Me voy de ti
Y esta vez para siempre
Me iré sin marcha atrás porque sería fatal
Adiós amor
Yo fui de ti
El amor de tu vida
Lo dijiste una vez, me lo hiciste creer"
REGAETTON,"Que nadie me la vele. Por ahí es que estamos, huele. Eso ya tiene dueño. No hagan que yo me rebele. Ella nada le duele. Ella bien rico huele. Dame esa semilla. Para que el café se cuele "
REGAETTON,"A ella no le gusta el reguetón Pero le encanta cómo canta la sensación (yeah) No fue mi intención (yeah, yeah) Quedarme con toa la atención Vivo en una mansión y no me sé ni la dirección (oh, my God) Está cabrón, muy cabrón Papi Arca, pídanme la bendición, prra"
REGAETTON,"Y a vece' e' Dolce, a veces Bulgari
Cuando te lo quito despué' de los partie'
Las copa' de vino, las libras de mari
Tú estás bien suelta, yo de safari
Tú muevе' el culo fenomenal
Pa' yo dеvorarte como animal
Si no te has venío', yo te vo'a esperar
En mi cama, y lo vo'a celebrar"
BALADA,"Te pone, una trampa Primero se deja querer Te eleva hasta el cielo Y luego te deja caer Y deja, una huella Donde quiera que pase A veces buena A veces mala, pregunta bien"
BALADA,"Voy a poner cadenas en ti
Para que no me engañes
Para que no te vayas de mí
En busca de otro amante

Voy a cerrar las puertas y así
Conseguiré guardarte
Intentaré que seas feliz
Para que no te escapes"
REGAETTON,"Tas dura, dura, dura, dura, dura
Que estás dura, mano arriba porque tú te ves bien
Tas dura, mamacita, te fuiste de nivel
Dura, mira cómo brilla tu piel
Tas dura, dímelo, dímelo cómo es que e'
Tas dura, yo te doy un veinte de diez
Tas dura, dura, dura"
REGAETTON,"Que de mí no te escapas Esta noche no me guardo la' palabras Soñé siempre con tener esta velada Y que tengo que contarte a ti Como Adán y Eva, tengamo' nuestro' pecado' Como do' ladrone', un secreto bien guardado Un camino y un destino asegurado Donde esto' fugitivo' se han amado"
REGAETTON,"Ya yo me enteré, se nota cuando me ve'
Ahí donde no has llega'o sabe' que yo te llevaré
Y dime qué quieres beber, es que tú ere' mi bebé
¿Y de nosotro' quién va a hablar? Si no nos dejamo' ver"
BALADA,"Aun la nave del olvido no ha partido, no condenemos al naufragio lo vivido"
REGAETTON,"Shaky, shaky, shaky, shaky, shaky, shaky, shaky
Shaky, shaky, shaky, shaky, shaky, shaky, shaky
Shaky, shaky, shaky, shaky, shaky, shaky, shaky
Tú la ves, como hace lo suyo, tú la ves"
REGAETTON,"Pero cuando tu boca me toca, me pone y me provoca. Me muerde y me destroza, toda siempre es poca. Y muévete bien, que nadie como tú me sabe hacer café."
BALADA,"Hoy que faltas tu
Cambian en mi todas las cosas
Antes junto a ti me parecían maravillosas
Siento la dicha tan lejos como una canción
Que siendo un día consentida
La olvidará el corazón"
REGAETTON,"Se preguntan cómo nos comunicamo'
Ey, mejor ni les contamo'
Dile que de una conectamo', je
Y que chingando nos matamo'
Que yo soy un bellaco, pero tú me gana'
Bien arrebata'o chingando en casa de tu hermana
Yo soy tu Bambino, tú eres mi Villana
Vamo' a hacerlo hoy
Porque nadie sabe lo que va a pasar mañana"
BALADA,"Yo sin ti, no aguanto más
Por eso vengo a decirte lo que siento
Estoy sufriendo en la soledad
Y aunque tu padre no aprobó esta relación
Yo sigo insistiendo a pedir perdón
Lo único que importa está en tu corazón"
BALADA,"Amor de amar, de estar contigo. De ser tu amante y tu mejor amigo. Amor de dar la vida entera. Por ti, querida, de cualquier manera."
REGAETTON,"Pobre diabla se dice que se te ha visto por la calle vagando. Llorando por un hombre que no vale un centavo. Pobre diabla y llora por un pobre diablo. Pobre diabla, se dice que se te ha visto por la calle vagando"
BALADA,"¿Y quién te escribirá poemas y cartas?
¿Y quién te contará sus miedos y faltas?
¿A quién le dejarás dormirse en tu espalda?
Y luego en el silencio le dirás ""te quiero""
Detendrá su aliento sobre tu cara
Perderá su rumbo en tu mirada
Y se le olvidará la vida amándote
¿Ahora quién?"
BALADA,"Sé que piensas marcharte ya lo sé. Y no te detendré, haz lo que tú quieras. Sin embargo, recuerda que yo estaré aquí. En el mismo lugar. Y si solo tienes ganas de hablar con gusto escucharé. Y si él supo darte más amor. Supo llenarte más que yo. Claro que sé perder. Claro que sé perder."
REGAETTON,"Le gusta a lo kinky nasty y aunque sea fancy
Se pone cranky si lo hago romantic,
Le gusta el sexo en exceso
Y en el proceso me pide un beso"
REGAETTON,"Es fanática de lo sensual
Ella tiene una foto mía
Y ya me la puedo imaginar
Lo que hace cuando está solita
Pero yo le voy a preguntar
Y a escuchar su voz cuando se agita
Por su manera de respirar
Puedo imaginarme lo que está haciendo"
REGAETTON,"Y dime, dime, dime si tú quieres andar conmigo
De todo, todo quiero hacer contigo
Y si no quieres solo dame un rato
Baby, pero sin ningún descanso
Uh-oh-uh-oh-oh-oh-oh
Uh-oh-uh-oh-oh-oh-oh"
BALADA,"Ha pasado tanto tiempo, finalmente sé que estoy dispuesta
Es tan difícil encontrar un amor
Aquí me quedo con heridas bien abiertas
Ya no me importa lo que piensan los demás
Aquí me quedo para ser testigo siempre de la vida
Aquí por siempre, para siempre, para siempre amarnos"
BALADA,"Tú
Con la luna en la cabeza
El lugar en donde empieza
El motivo y la ilusión de mi existir
Tan solo tú
Solamente quiero que seas tú
Mi locura, mi tranquilidad y mi delirio
Mi compás y mi camino"
BALADA,"¿Qué tienen tus ojos, tus labios, tu piel
Que nunca se acaba esta luna de miel?
Somos la copa y el vino
Tú y yo vamos juntos desde que nos vimos
Subimos, bajamos, lloramos, reímos
Y es que contigo, mi amor, todo me sabe mejor"
BALADA,"Nunca vas a comprender
Que yo te quise
Nunca vas a comprender
Cómo lo hice
Tú me hablabas del amor
De eso tan bello
Te faltó por demostrar
Que eras capaz de vivir aquello"
BALADA,"Y recorro en mi memoria
Aquellos tiempos de Carito
Ella era una miss de Boston
Que daba clase en la escuela
Le gustaba el español
Y aunque lo hablaba poquito
Tenía esos ojos bonitos
Que hablaban muy bien por ella"
REGAETTON,"Olvídate de ese perdedor
Y repítele que yo soy mejor
Que no le eres fiel con el corazón
Que eres mía y solo mía, amor
Despídete de ese perdedor
Que imagina que ya no existo yo
Deja claro que, aunque intente
No lo vas a querer"
REGAETTON,"Si no le contesto, se desespera
Piensa que con otra estoy
Haciendo lo que le hacía a ella, ea, ea, ea
Cómo tu mente maquinea
Cuando en la mía estoy
Mujer, no quiero más pelea, no más pelea"
REGAETTON,"No lo pienses y conmigo préstate
Móntate en mi nave y transpórtate
Si eres bellaca ma, compórtate..

Esto es perreo a lo bruto, a lo cavernícola
Dándote hasta joderte la vesícula
Tricula abierta 24-7
Viola la ley pa’ ponerte el grillete…"
REGAETTON,"Pégate a mi cuerpo
Haz que no muera el recuerdo
Ven devórame como un Cuervo
De lejos te observo y quisiera que te acercaras
Y si tú quisiera mami ven conmigo la pasarás"
BALADA,"Bendito Dios por encontrarnos En el camino Y de quitarme esta soledad De mi destino Bendita la luz Bendita la luz de tu mirada Bendita la luz Bendita la luz de tu mirada, oh"
BALADA,"Quisiera ser el primer motivo de tu vivir estar en ti de la misma forma que estas en mi representar en tu vida el sol, la ilusión, la fe y esa emoción de amor que se siente una sola vez. Quisiera ser como la canción que te guste más y así poder estar en tus labios y en tu soñar
tu humilde sombra y el libro aquel que te acompaña desde tu niñez eso y mil cosas tuyas, mi vida, quisiera ser"
REGAETTON,"Ella prende las turbina', no discrimina No se pierde ni un party de marquesina Se acicala hasta pa' la esquina Luce tan bien que hasta la sombra le combina Asesina, me domina Janguea en carro', motoras y limusina' Llena su tanque de adrenalina Cuando escucha reggaetón en las bocina' Aquí somos los mejores, no te me ajore' En la pista nos llaman ""Los Matadore'"" Tú hace' que cualquiera se enamore Cuando bailas al ritmo de los tambore' Esto va pa' las gatas de to's colore' Pa' las mayore', pa' las menore' Pa' las que son más zorras que los cazadore' Pa' las mujeres que no apagan sus motore'"
BALADA,"No ganas al intentar. El olvidarme. Durante mucho tiempo en tu vida. Yo voy a vivir. Detalles tan pequeños de los dos. Son cosas muy grandes para olvidar Sera la causa obligada o algo asi Inmediatamente tu vas a acordarte de mi Yo se que otro debe estar hablando a tu oido Palabras de amor como yo te hable, mas yo dudo Yo dudo que el tenga tanto amor Y hasta la forma de mi decir Y en esa hora tu vas a acordarte de mi En la noche envuelta en el silencio de tu cuarto Antes de dormir tu buscas mi retrato Pero aun cuando no quisieras verme sonreir"
BALADA,"Dime si es verdad
Me dijeron que te estás casando
Tú no sabes lo que estoy sufriendo
Esto te lo tengo que decir

Cuéntame
Tu despedida para mí fue dura
Será que él te llevó a la Luna
Y yo no supe hacerlo así

Te estaba buscando
Por la calle, gritando
Esto me está matando
¡Oh, no!

Te estaba buscando
Por las calles, gritando
Como un loco tomando"
BALADA,"Fuiste tú. Tenerte fue una foto tuya puesta en mi cartera. Un beso y verte ser pequeño por la carretera. Lo tuyo fue la intermitencia y la melancolía. Lo mío fue aceptarlo todo porque te quería. Verte llegar fue luz, verte partir, un blues"
REGAETTON,"Si le ponen reguetón, marihuana Hoy se parcha hasta las seis de la mañana Quiero que salga' de mi mente Y te meta' en mi cama porque, je Tú tiene' cara que tiene' la pussy linda Que lo' dejas loco', enchulao', como Belinda Menéame la' chapa' hasta que me rinda Un hijo en la disco, vo'a dejarte encinta"
BALADA,"Ay nos hubieran visto
Estábamos allí sentados
Frente a frente
No podía faltarnos la luna
Y hablábamos de todo un poco
Y todo nos causaba risa
Como dos tontos
Y yo que no veía la hora
De tenerte en mis brazos
Y poderte decir
Te amo"
BALADA,La última vez que me dejaron sola fue como el mar si le quitas las olas como si la música sin voz como un hola sin adión es sentir la soledad aunque hayan dos no volveré a mentir.
REGAETTON,"Cuando nos enfiestamos tenemos el mando
Puras wilas controlando
Mota, plata y guaro es lo que siempre ando
Gyales y manes repellando
Shaku Quil y Moises en el comando
Partiendo con la música en alto (en alto)
Con la música en alto (en alto)
Si en su pelo se ve nice
Sus uñas están nice
Ropa nueva con sus leggins que aquello se vea bien tight
Sus amigas están ready para el reggae night
A su novio ella le dice bye, bye"
REGAETTON,"Se hace la boba, sabe que lo que le conviene. Su abuela le da money cada vez que quiere. Está solita, ella no quiere que la celen. Muchos la han querío' pa' serio, pero a ella le va y le viene"
REGAETTON,"A los pobres, a los ricos, los trato por iguales pa'mí no es una ciencia rimar las vocales te voy a explicar, empiezo con la A, voy viral, liberal, superar, llegar y triunfar y sin imitar."
BALADA,"Casi todos sabemos querer
Pero pocos sabemos amar
Es que amar y querer no es igual
Amar es sufrir querer es gozar
El que ama pretende servir
El que ama su vida la da
Y el que quiere pretende vivir
Y nunca sufrir, y nunca sufrir"
REGAETTON,"Rico, adicto a tu toto
Me quitas las prenda', yo te lo coloco
Le gusta lo caro, se moja si la toco
Se baja los pantys y me mandó una foto"
BALADA,"No tengo ya derecho a reprocharte nada
Pues nada queda ya de ti, de mí, de ayer
Qué pena, nuestra historia pudo ser fantástica
Y ahora dime mi amor
¿Quién te va a defender?"
REGAETTON,"Uh me la chupa, me la soba. Uh y la leche me la roba"
BALADA,"De porqué te estoy queriendo, no me pidas la razón
Pues yo mismo no me entiendo con mi propio corazón
Al llegar la madrugada, mi canción desesperada
Te dará la explicación
Te quiero vida mía, te quiero noche y día
No he querido nunca así, te quiero con ternura
Con miedo, con locura, solo vivo para ti
Yo te seré siempre fiel, pues para mí quiero en flor
Ese clavel de tu piel y de tu amor
Mi voz igual que un niño te pide con cariño
Ven a mí, abrázame
Porque te quiero, te quiero, te quiero
Te quiero, te quiero, te quiero
Y hasta el fin te querré"
REGAETTON,"Es una bichiyal
Le gusta montarse en los banshee y chillar
Se pasa picheando, pero la voy a pillar
Ya son las diez y se empezó a maquillar
Hoy se puso traje, hoy se va a guillar
La otra mordida, no las deja brillar
Una asesina, los mata con perreo
No sé como todavía no salía en un video"
REGAETTON,"Baby, ya yo me enteré, se nota cuando me ves
Ahí, donde no has llegao, sabes que yo te llevaré
Y dime qué quieres beber, es que tú eres mi bebé
¿Y de nosotros quién va a hablar?, si no nos dejamos ver
Y a veces es Dolce, a veces Bulgari
Cuando te lo quito después de los parties
Las copas de vino, las libras de mari
Tú estás bien suelta, yo de safari"
REGAETTON,"Le gusta natural el tanning, quiere playa y sol
Una fashion girl, pero sin ropa se ve mejor
Tiene poco millaje
Ella las rompe a todas hasta sin maquillaje
Ese culo se volvió mi pista de aterrizaje
No quiere que le baje
Me la pone difícil pa que la trabaje
Tiene poco millaje
Ella las rompe a todas hasta sin maquillaje
Ese culo se volvió mi pista de aterrizaje
No quiere que le baje
Me la pone difícil pa que la trabaje"
BALADA,"Y tiene el corazón de poeta
De niño grande, de hombre-niño
Capaz de amar con delirio
Capaz de hundirse en la tristeza
Pues tiene el corazón de poeta
De vagabundo, de mendigo
Y así lo he conocido
Y así me gusta a mí que sea
Que tenga el corazón de poeta"
BALADA,"Yo no ví las flores marchitar,
ni ese frío en tus ojos a mirar
no vi la realidad
me ibas a dejar.....
dicen que la vida baby es como la ves
para aprender hay que caer
para ganar hay que perder
lo dí todo por ti
lloré y juré que iba a perderte
traté y traté de negar ese amor tantas veces
babe
si mi lágrima fueron en vano
si al final te amé demasiado
como yo como yo
nadie te ha amado
cada una eternidad
cada amanecer un comenzar"
REGAETTON,"Aunque sé que no debo, ey. Pensar en ti, bebé, pero cuando bebo. Me viene tu nombre, tu cara, tu risa y tu pelo, ey. Dime dónde tú está', que yo por ti cojo un vuelo. Y a Yonaguni le llego, oh"
REGAETTON,"Pa' este baile no hay salida, que corra el tiempo Pégate y zumba conmigo con movimiento Pa' este baile no hay salida que corra el tiempo Pégate y zumba conmigo con movimiento, con movimiento"
REGAETTON,"Que tire, que tire, que tire, que tire, que tire, que tire, que tire
Que tire, que tire, que tire, que tire, que tire, que tire
Que tire, que tire, que tire, que tire, que tire, que tire
Que tire, que tire pa'lante, que tire pa'lante con su movimiento y"
BALADA,"Ahora que la soledad golpea ahora que no estás aquí ah ah ah ¿Quién cuidará de mí? Un duro golpe el de tu desamor una lanza que vino y que me atravesó después de todo soy quien dijo no como me ves me has dejado dividida en dos. Mientras más estoy sin ti, más duele cada instante mientras pasa cada noche, ya sufro bastante si detrás de ti ya se me va la vida te has llevado el aire y tu recuerdo me castiga... "
BALADA,"Algo me dice que ya no volverás. Estoy seguro que esta vez no habrá marcha atrás. Después de todo, fui yo a decirte que no. Sabes bien que no es cierto, estoy muriendo por dentro. Y ahora es que me doy cuenta que sin ti no soy nada. He perdido las fuerzas, he perdido las ganas. He intentado encontrarte en otras personas. No es igual, no es lo mismo, nos separa un abismo"
BALADA,"Haces que mi cielo vuelva a tener ese azul
Pintas de colores mis mañanas, solo tú
Navego entre las olas de tu voz
Y tú, y tú, y tú
Y solamente tú
Haces que mi alma se despierte con tu luz
Tú, y tú, y tú"
REGAETTON,"Mientras yo te toco ahí, ih, ih
La lenguita por ahí, ih, ih
Yo te lo hago así, ih, ih
Tu encima de ih, ih, ih
Y tu gritando así ih, ih
Que te castigue así, ih, ih"
REGAETTON,"Tú me robaste el corazón como un criminal
Bebé yo no puedo negarlo
Esto que siento por ti no puede ser legal, ah
Criminal, cri-criminal
Tu estilo, tu flow, baby muy criminal
Criminal, uh, criminal, ah (criminal, ah)"
BALADA,"No más se le iba en puro tomar
Juran que el mismo cielo
Se estremecía al oír su llanto
Cómo sufrió por ella
Y hasta en su muerte la fue llamando:
Ay, ay, ay, ay, ay cantaba
Ay, ay, ay, ay, ay gemía
Ay, ay, ay, ay, ay cantaba
De pasión mortal moría
Que una paloma triste
Muy de mañana le va a cantar
A la casita sola"
BALADA,"El color del final de la noche
Me pregunta dónde fui a parar, ¿dónde estás?
Que esto solo se vive una vez
Dónde fuiste a parar, ¿dónde estás?
Un olor a tabaco y Chanel
Y una mezcla de miel y café"
BALADA,"Entonces yo daré la media vuelta
Y me iré con el sol
Cuando muera la tarde
Entonces, yo dare la media vuelta
Y me iré con el sol
Cuando muera la tarde"
BALADA,"Me canse de rogarle
Me canse de decirle
Que yo sin ella
De pena muero

Ya no quizo escucharme
Si sus labios se abrieron
Fue pa'decirme, ya no te quiero

Yo senti que mi vida
Se perdia en un avismo
Profundo y negro
Como mi suerte"
REGAETTON,"Hace mucho tiempo que te quiero ver Busco la manera de tu cuerpo tener Ni tu padre, ni tu madre te quieren conmigo Pues hagamos el amor por el teléfono"
BALADA,"Mirándote a los ojos, juraría
Que tienes algo nuevo que contarme
Empieza ya mujer, no tengas miedo
Quizá para mañana sea tarde
Quizá para mañana sea tarde
¿Y cómo es él?
¿En qué lugar se enamoró de ti?
¿De dónde es?
¿A qué dedica el tiempo libre?
Pregúntale
Por qué ha robado un trozo de mi vida
¡Es un ladrón!
Que me ha robado todo"
REGAETTON,"Esos maes quieren agarrarme de pata, esos maes quieren agarrar pero no va a funcionar. Ellos quieren agarrarme de pata, a mí no me ofrezca banano yo quiero billete, yo soy la leona que come filete. Yo estoy salvaje para que respete. No me busque a mí mejor busquese un brete. Si usted quiere de my love pongase a trabajar, yo no ando con princesos, mejor me pongo a hostear. Quieren agarrarme de pata. Dónde estan las güilas que no se dejan llevar? Que no caen en la trama de ningún man."
BALADA,"Qué triste todos dicen que soy. Que nunca me río, que estoy a mil pasos de mi dolor. Qué triste desolación es la de mi vida. Queriéndote ver, y tú tan ausente."
BALADA,"Me atrapaste, me tuviste entre tus manos. Me enseñaste lo inhumano y lo infeliz que puedes ser. Te fingiste exactamente enamorado. Aunque nunca me has amado, yo lo sé. Me dijiste que jamás podría olvidarte. Que después iría a rogarte y a pedirte, ""Bésame"". Yo luché contra el amor que te tenía y se fue. Y ahora ya te olvidé. Ya te olvidé. Ya estás muy lejos de mí. Tú lo lograste con herirme. Lastimarme y convertirme en no sé qué"
REGAETTON,"Cómo tú te llamas yo no sé De dónde llegaste ni pregunte Lo único que sé, que quiero con usted Quedarme contigo hasta el amanecer Óyeme mamacita tu cuerpo y carita Piel morena lo que uno necesita Mirando una chica tan bonita Me pregunto por que anda tan solita"
BALADA,"Aléjate de mí y hazlo pronto, antes de que te mienta
Tu cielo se hace gris, yo ya camino bajo la tormenta
Aléjate de mí, escapa, vete, ya no debo verte
Entiende que aunque pida que te vayas, no quiero perderte"
REGAETTON,"Despué' de las doce, salimo' a buscar el party (party)
Ando con lo' tiguere', estamo' en modo safari
Y con un flow violento que parecemo' sicario'
Yo tomando vino y alguno' fumando mari
La policía está molesta porque
Ya se puso buena la fiesta, pero
Estamo' legal, no me pueden arrestar
Por eso yo sigo hasta que amanezca, entonce'"
BALADA,"Para tu amor, lo tengo todo
Desde mi sangre hasta la esencia de mi ser
Y para tu amor, que es mi tesoro
Tengo mi vida toda entera a tus pies"
BALADA,"Voy a hacer de cuenta que no exististe. Tú, de mí, olvida que un día me viste. Ya lo ves, los dos nos equivocamos. Y es mejor que otros caminos sigamos. Y que esta despedida sea por el bien de todos. Inventaré algún modo para vivir sin ti"
BALADA,No necesito nada más que tu mirada y mi voz no necesito diamantes si brillan más tus ojos así eres tú así soy yo yo solo quiero hacer canciones que hablen de nuestro amor
REGAETTON,"Gucci, Versace, Prada
Las marcas que yo uso, mi hеrma' son de las caras
Un armario de ropa fresca, mire esta vara
Si no conoces de esto entonces usted se para
Con este fashion es que te quito a tu gyal
Me la llevo secuestrada conmigo to'a la semana (Cerda)
Por la playa montando Balenciaga (Neiro, ja,ja)
Hacemos lo que nos da la gana, estamos gastando el dollar"
BALADA,"No podía faltarnos la luna
Y hablábamos de todo un poco
Y todo nos causaba risa
Como dos tontos
Y yo que no veía la hora
De tenerte en mis brazos
Y poderte decir
Te amo
Desde el primer momento en que te vi
Y hace tiempo te buscaba
Y ya te imaginaba así
Te amo
Aunque no es tan fácil de decir
Y defino lo que siento
Con estas palabras
Te amo"